tid,mjd,candid,fid,pid,diffmaglim,isdiffpos,nid,distnr,magpsf,magpsf_corr,magap,sigmapsf,sigmapsf_corr,sigmapsf_corr_ext,sigmagap,ra,dec,rb,magapbig,sigmagapbig,has_stamp,corrected,dubious,step_id_corr,phase,parent_candid,drb,rfid,rbversion,oid
ztf,58291.33322919998,537333224015010009,2,537333224015,20.3527,-1,537,0.19932,18.6552,16.994982,18.9103,0.116371,0.010082331,0.025220761,0.1109,276.8507732,-1.0127761,0.636667,18.8542,0.1339,False,True,False,bulk_1.0.0,0.0,5.3929383401501e+17,,,,ZTF18abcqfbx
ztf,58291.33322919998,537333224015010010,2,537333224015,20.35273,-1,537,0.14151207,18.467907,17.040215,18.7178,0.07998703,100.0,0.021475466,0.0956,276.8507282,-1.0127284,0.75333333,18.69,0.1171,False,True,False,bulk_1.0.0,0.0,5.3929383401501e+17,0.0,435120240.0,,ZTF18abcqfbx
ztf,58292.315497700125,538315494015010005,2,538315494015,20.2286,-1,538,0.259687,18.6494,16.996243,18.6621,0.167506,0.02827523,0.036539905,0.1015,276.8507509,-1.0127902,0.546667,18.8865,0.1582,False,True,False,bulk_1.0.0,0.0,5.3929383401501e+17,,,,ZTF18abcqfbx
ztf,58293.293831000105,539293834015010006,2,539293834015,19.803843,-1,539,0.20425792,18.612236,17.004522,18.6488,0.11129776,0.009849326,0.02531634,0.1199,276.8507681,-1.012663,0.8233333,18.7669,0.1698,True,True,False,bulk_1.0.0,0.0,0.0,0.0,435120240.0,,ZTF18abcqfbx
ztf,58318.33766200021,564337664015010014,2,564337664015,20.6169,-1,564,0.595221,19.6033,16.865923,19.69,0.226194,100.0,0.018177327,0.1902,276.8508266,-1.0125646,0.553333,19.751,0.25,False,True,False,bulk_1.0.0,0.0,5.91322104015015e+17,,,t8_f5_c3,ZTF18abcqfbx
ztf,58334.33968750015,580339684015015007,2,580339684015,20.268,1,580,0.344967,18.2139,16.524673,18.2992,0.122232,0.020988906,0.025792569,0.0724,276.8507193,-1.0128036,0.66,18.2464,0.0862,False,True,False,bulk_1.0.0,0.0,5.91322104015015e+17,,,t8_f5_c3,ZTF18abcqfbx
ztf,58336.227534700185,582227534015015033,2,582227534015,20.6727,1,582,0.202728,18.2298,16.52801,18.3161,0.134081,0.023581037,0.027967354,0.0539,276.8508052,-1.0127622,0.676667,18.2246,0.0611,False,True,False,bulk_1.0.0,0.0,5.91322104015015e+17,,,t8_f5_c3,ZTF18abcqfbx
ztf,58338.19127310021,584191274015015004,2,584191274015,20.6487,1,584,0.560406,17.9487,16.463068,18.1343,0.116758,0.026126677,0.029718976,0.046,276.8507814,-1.0128775,0.59,18.0926,0.0541,False,True,False,bulk_1.0.0,0.0,5.91322104015015e+17,,,t12_f5_c3,ZTF18abcqfbx
ztf,58340.17365740007,586173654015015012,2,586173654015,20.2899,1,586,0.26547,17.9698,16.468401,18.0061,0.09992,0.020633232,0.025066407,0.0553,276.8507905,-1.0127919,0.713333,17.8499,0.0597,False,True,False,bulk_1.0.0,0.0,5.91322104015015e+17,,,t12_f5_c3,ZTF18abcqfbx
ztf,58343.32145830011,589321454015015015,2,589321454015,20.3272,1,589,0.256305,17.9426,16.461512,17.9786,0.086937,0.017139018,0.022221297,0.0497,276.8507461,-1.012788,0.673333,17.9401,0.0596,False,True,False,bulk_1.0.0,0.0,5.91322104015015e+17,,,t12_f5_c3,ZTF18abcqfbx
ztf,58344.17065969994,590170654015015010,2,590170654015,20.6809,1,590,0.226965,17.5995,16.362986,17.7693,0.106908,0.03169919,0.034229767,0.0332,276.8507706,-1.0127845,0.6,17.742,0.0395,False,True,False,bulk_1.0.0,0.0,5.91322104015015e+17,,,t12_f5_c3,ZTF18abcqfbx
ztf,58345.322106500156,591322104015015016,2,591322104015,20.223576,1,591,0.121886,17.714031,16.398357,17.7411,0.06757373,0.015050597,0.020114461,0.0418,276.8507484,-1.0127478,0.81,17.698,0.05,True,True,False,bulk_1.0.0,0.0,0.0,0.0,435120240.0,t8_f5_c3,ZTF18abcqfbx
ztf,58356.27225690009,602272254015015004,2,602272254015,19.5944,1,602,0.30685,17.2687,16.245728,17.2929,0.068225,0.02393156,0.026592249,0.0493,276.8507487,-1.0128043,0.86,17.2485,0.0602,False,True,False,bulk_1.0.0,0.0,6.32230904015015e+17,,,t12_f5_c3,ZTF18abcqfbx
ztf,58357.18918980006,603189184015015006,2,603189184015,19.6827,1,603,0.236173,17.2386,16.233896,17.1971,0.042582,0.012384193,0.01687893,0.0355,276.8507648,-1.0127864,0.873333,17.1725,0.0437,False,True,False,bulk_1.0.0,0.0,6.32230904015015e+17,,,t12_f5_c3,ZTF18abcqfbx
ztf,58359.249305599835,605249304015015011,2,605249304015,20.1449,1,605,0.16836,17.1206,16.185577,17.1804,0.060465,0.0230822,0.025556153,0.0304,276.8507643,-1.0127672,0.763333,17.176,0.0379,False,True,False,bulk_1.0.0,0.0,6.35212004015015e+17,,,t12_f5_c3,ZTF18abcqfbx
ztf,58360.2312384001,606231234015015011,2,606231234015,20.1976,1,606,0.144039,17.0164,16.14031,17.0689,0.066504,0.027748723,0.029676488,0.0253,276.850757,-1.0127602,0.843333,17.0398,0.0307,False,True,False,bulk_1.0.0,0.0,6.35212004015015e+17,,,t12_f5_c3,ZTF18abcqfbx
ztf,58362.168298599776,608168294015015025,2,608168294015,20.5773,1,608,0.172344,16.9934,16.129988,17.0581,0.050731,0.02039532,0.022903845,0.0186,276.8507778,-1.0127679,0.816667,17.034,0.0219,False,True,False,bulk_1.0.0,0.0,6.35212004015015e+17,,,t12_f5_c3,ZTF18abcqfbx
ztf,58362.209710599855,608209714015015006,1,608209714015,20.367,1,608,0.512479,20.5985,19.977577,20.4719,0.364395,0.20433623,0.20568533,0.3338,276.8506586,-1.0126965,0.45,20.7927,0.5739,False,True,False,bulk_1.0.0,0.0,6.35212004015015e+17,,,t12_f5_c3,ZTF18abcqfbx
ztf,58364.16745370021,610167454015015023,2,610167454015,20.6941,1,610,0.211937,16.9702,16.119452,16.997,0.046695,0.01866544,0.02132904,0.0169,276.8507729,-1.0127798,0.803333,16.9862,0.0201,False,True,False,bulk_1.0.0,0.0,6.35212004015015e+17,,,t12_f5_c3,ZTF18abcqfbx
ztf,58365.170624999795,611170624015015029,2,611170624015,20.6018,1,611,0.243731,16.8832,16.078846,16.94,0.060653,0.027151018,0.028914176,0.0172,276.8507732,-1.0127852,0.756667,16.9225,0.0203,False,True,False,bulk_1.0.0,0.0,6.35212004015015e+17,,,t12_f5_c3,ZTF18abcqfbx
ztf,58366.19096060004,612190964015015007,1,612190964015,20.7908,1,612,0.676124,20.9455,20.159681,20.4772,0.364981,0.17478831,0.17698753,0.293,276.8507012,-1.0130106,0.513333,20.4856,0.3773,False,True,False,bulk_1.0.0,0.0,6.35212004015015e+17,,,t12_f5_c3,ZTF18abcqfbx
ztf,58369.16659720009,615166594015015019,2,615166594015,20.6391,1,615,0.239458,16.8623,16.068832,16.8677,0.055247,0.02471123,0.026602445,0.0164,276.8507599,-1.0127858,0.7,16.8548,0.0196,False,True,False,bulk_1.0.0,0.0,6.35212004015015e+17,,,t12_f5_c3,ZTF18abcqfbx
ztf,58371.16703699995,617167034015015021,2,617167034015,20.691,1,617,0.205429,16.8244,16.050417,16.8596,0.044257,0.019414647,0.021696473,0.0154,276.8507732,-1.012776,0.786667,16.845,0.0182,False,True,False,bulk_1.0.0,0.0,6.35212004015015e+17,,,t12_f5_c3,ZTF18abcqfbx
ztf,58372.166562499944,618166564015015017,2,618166564015,20.5521,1,618,0.112259,16.7851,16.030973,16.8274,0.055589,0.026073381,0.027754804,0.0159,276.8507606,-1.0127527,0.82,16.8188,0.019,False,True,False,bulk_1.0.0,0.0,6.35212004015015e+17,,,t12_f5_c3,ZTF18abcqfbx
ztf,58373.14490740001,619144904015015013,2,619144904015,20.6193,1,619,0.201481,16.7863,16.031572,16.8253,0.052381,0.024343785,0.026138624,0.0154,276.8507779,-1.0127768,0.803333,16.8051,0.0182,False,True,False,bulk_1.0.0,0.0,6.35212004015015e+17,,,t12_f5_c3,ZTF18abcqfbx
ztf,58386.23090279987,632230904015015001,2,632230904015,19.184067,1,632,0.19990698,16.664898,15.9692955,16.6955,0.043056697,0.020831862,0.02268819,0.0372,276.8507326,-1.0127618,0.92,16.6765,0.0464,False,True,False,bulk_1.0.0,0.0,6.35212004015015e+17,0.0,435120240.0,t8_f5_c3,ZTF18abcqfbx
ztf,58389.21200230019,635212004015015003,2,635212004015,19.79016,1,635,0.17859636,16.754847,16.015762,16.7418,0.042441748,0.019330036,0.021486215,0.0253,276.850733,-1.0127554,0.8833333,16.7326,0.0315,True,True,False,bulk_1.0.0,0.0,0.0,0.0,435120240.0,t8_f5_c3,ZTF18abcqfbx
ztf,58617.35677079996,863356774015015006,2,863356774015,20.1704,1,863,0.270355,17.3781,16.28707,17.4524,0.087716,0.029767629,0.03211194,0.0384,276.8508122,-1.0127808,0.591429,17.4113,0.0464,False,True,False,bulk_1.0.0,0.0,8.9333334401501e+17,,,t15_f5_c3,ZTF18abcqfbx
ztf,58628.39864580007,874398644015015007,2,874398644015,20.1133,1,874,0.125771,18.0551,16.489178,18.2854,0.136836,0.028910507,0.032346807,0.0762,276.8507888,-1.0127528,0.785714,18.249,0.0928,False,True,False,bulk_1.0.0,0.0,8.9942141401501e+17,,,t17_f5_c3,ZTF18abcqfbx
ztf,58632.3134606001,878313464015015011,2,878313464015,20.2024,1,878,0.421291,18.7838,16.622515,18.8763,0.154165,0.013207858,0.02106066,0.108,276.850842,-1.0128127,0.925714,18.8197,0.1279,False,True,False,bulk_1.0.0,0.0,8.9942141401501e+17,,,t17_f5_c3,ZTF18abcqfbx
ztf,58633.337523099966,879337524015015014,2,879337524015,20.5488,1,879,0.321884,18.6948,16.609919,18.9424,0.19302,0.023183081,0.028291102,0.1047,276.8508051,-1.0128033,0.548571,18.8071,0.1145,False,True,False,bulk_1.0.0,0.0,8.9942141401501e+17,,,t17_f5_c3,ZTF18abcqfbx
ztf,58647.33334490005,893333344015010003,2,893333344015,20.26132,-1,893,0.23761272,18.946346,16.941,19.0008,0.11912613,100.0,0.018787477,0.1435,276.8507285,-1.0126639,0.7785714,18.9387,0.1712,False,True,False,bulk_1.0.0,0.0,8.9942141401501e+17,0.0,435120240.0,t17_f5_c3,ZTF18abcqfbx
ztf,58648.27010420011,894270104015010005,2,894270104015,19.3591,-1,894,0.584411,18.7675,16.972103,18.496,0.238542,0.039638527,0.045646362,0.1463,276.850621,-1.0127895,0.83,18.6321,0.2116,False,True,False,bulk_1.0.0,0.0,8.9942141401501e+17,,,t17_f5_c3,ZTF18abcqfbx
ztf,58649.29369209986,895293694015010003,2,895293694015,19.48727,-1,895,0.4170704,18.767227,16.972155,18.7227,0.13510518,0.01250433,0.025860878,0.2132,276.8506821,-1.0126395,0.8757143,18.8669,0.3114,False,True,False,bulk_1.0.0,0.0,8.9942141401501e+17,0.0,435120240.0,t17_f5_c3,ZTF18abcqfbx
ztf,58650.33506939979,896335064015010002,2,896335064015,19.402023,-1,896,0.2832368,18.622894,17.002113,18.3983,0.20140594,0.038825165,0.04526469,0.1709,276.8508265,-1.0126642,0.75857145,18.1506,0.1745,False,True,False,bulk_1.0.0,0.0,8.9942141401501e+17,0.0,435120240.0,t17_f5_c3,ZTF18abcqfbx
ztf,58651.34548609983,897345484015010003,2,897345484015,18.9023,-1,897,0.401351,18.7718,16.971283,18.8867,0.25559,0.04310444,0.0486785,0.4207,276.8507227,-1.0128233,0.81,18.8259,0.5104,False,True,False,bulk_1.0.0,0.0,8.9942141401501e+17,,,t17_f5_c3,ZTF18abcqfbx
ztf,58653.42141199997,899421414015010002,2,899421414015,19.226671,-1,899,0.20143,18.260622,17.103334,18.1146,0.0931864,0.019431885,0.032095026,0.1484,276.8508044,-1.0126744,0.94,17.9933,0.1703,False,True,False,bulk_1.0.0,0.0,9.1431543401501e+17,0.99997187,435120240.0,t17_f5_c3,ZTF18abcqfbx
ztf,58654.378541700076,900378544015010005,2,900378544015,19.4063,-1,900,0.215871,18.3414,17.076849,18.2933,0.149672,0.03949051,0.046700347,0.1289,276.8507924,-1.012776,0.861429,18.3137,0.1682,False,True,False,bulk_1.0.0,0.0,9.1431543401501e+17,,,t17_f5_c3,ZTF18abcqfbx
ztf,58657.35530090006,903355304015010002,2,903355304015,20.1429,-1,903,0.134171,18.2654,17.101694,18.1061,0.124512,0.034160025,0.042631336,0.058,276.8508052,-1.012731,0.83,18.1045,0.0734,False,True,False,bulk_1.0.0,0.0,9.3231056401501e+17,,,t17_f5_c3,ZTF18abcqfbx
ztf,58660.318090300076,906318094015010007,2,906318094015,20.7217,-1,906,0.167191,18.111,17.160042,18.0597,0.109204,0.036666416,0.04548367,0.0404,276.8507656,-1.0127671,0.665714,18.0694,0.0508,False,True,False,bulk_1.0.0,0.0,9.3231056401501e+17,,,t17_f5_c3,ZTF18abcqfbx
ztf,58667.29903940018,913299034015010014,2,913299034015,20.4249,-1,913,0.101267,17.9088,17.256798,17.8723,0.103249,0.048392814,0.056634977,0.0388,276.8507728,-1.0127473,0.868571,17.8275,0.0468,False,True,False,bulk_1.0.0,0.0,9.4233711401501e+17,,,t17_f5_c3,ZTF18abcqfbx
ztf,58668.3154397998,914315434015010013,2,914315434015,20.419783,-1,914,0.11133438,17.95774,17.23086,17.8937,0.1134864,0.050503284,0.058102075,0.0366,276.8507502,-1.0127449,0.80857146,17.9173,0.0464,False,True,False,bulk_1.0.0,0.0,9.4233711401501e+17,0.9999106,435120240.0,t17_f5_c3,ZTF18abcqfbx
ztf,58676.25188660016,922251884015010008,2,922251884015,19.858,-1,922,0.238501,17.8211,17.308092,17.7906,0.094814,0.050425056,0.059111133,0.0605,276.8507898,-1.0127841,0.924286,17.8294,0.0799,False,True,False,bulk_1.0.0,0.0,9.4233711401501e+17,,,t17_f5_c3,ZTF18abcqfbx
ztf,58677.252766199876,923252764015010007,2,923252764015,19.8797,-1,923,0.236933,17.7787,17.33539,17.7177,0.113459,0.068472,0.075424924,0.0601,276.8507538,-1.0127845,0.824286,17.7718,0.0806,False,True,False,bulk_1.0.0,0.0,9.4233711401501e+17,,,t17_f5_c3,ZTF18abcqfbx
ztf,58680.275856500026,926275854015010005,2,926275854015,19.3006,-1,926,0.169569,17.796,17.32404,17.763,0.102509,0.058526073,0.06637097,0.1048,276.8508017,-1.0127523,0.894286,17.6382,0.1199,False,True,False,bulk_1.0.0,0.0,9.4233711401501e+17,,,t17_f5_c3,ZTF18abcqfbx
ztf,58686.31056710007,932310564015010012,2,932310564015,20.324554,-1,932,0.03879371,17.786963,17.329931,17.8923,0.07104809,0.034418132,0.04663801,0.0481,276.8507771,-1.012712,0.9114286,17.8891,0.0608,False,True,False,bulk_1.0.0,0.0,9.4233711401501e+17,0.99999994,435120240.0,t17_f5_c3,ZTF18abcqfbx
ztf,58693.22937500011,939229374015010009,2,939229374015,20.141771,-1,939,0.02657728,17.797478,17.323084,17.7602,0.079219446,0.040509235,0.051176935,0.0499,276.8507659,-1.0127277,0.89857143,17.7806,0.0645,False,True,False,bulk_1.0.0,0.0,9.4233711401501e+17,0.9999782,435120240.0,t17_f5_c3,ZTF18abcqfbx
ztf,58696.33711809991,942337114015010011,2,942337114015,20.528116,-1,942,0.023561623,17.789421,17.328321,17.7406,0.09276361,0.05189093,0.060664896,0.0357,276.8507743,-1.0127224,0.83285713,17.7372,0.0449,True,True,False,bulk_1.0.0,0.0,0.0,0.99998677,435120240.0,t17_f5_c3,ZTF18abcqfbx
ztf,58714.34349540016,960343494015010007,2,960343494015,19.7353,-1,960,0.109522,17.8824,17.271555,17.901,0.077415,0.032492038,0.04410493,0.0812,276.8507968,-1.012739,0.865714,17.9363,0.1073,False,True,False,bulk_1.0.0,0.0,9.7924944401501e+17,,,t17_f5_c3,ZTF18abcqfbx
ztf,58718.33221059991,964332214015010004,2,964332214015,19.7177,-1,964,0.205823,17.8424,17.295021,17.8313,0.082862,0.03970137,0.050050016,0.0619,276.8508059,-1.0127643,0.921429,17.8333,0.0789,False,True,False,bulk_1.0.0,0.0,9.7924944401501e+17,,,t17_f5_c3,ZTF18abcqfbx
ztf,58725.232523099985,971232524015010006,2,971232524015,20.3204,-1,971,0.222586,17.9273,17.246782,17.8089,0.106858,0.04909213,0.057095267,0.0424,276.8507973,-1.0127755,0.818571,17.8142,0.0538,False,True,False,bulk_1.0.0,0.0,9.7924944401501e+17,,,t17_f5_c3,ZTF18abcqfbx
ztf,58733.24944439996,979249444015010005,2,979249444015,19.603119,-1,979,0.14200802,18.081142,17.172724,18.1409,0.10028828,0.03384547,0.04343932,0.1074,276.8508021,-1.012699,0.8042857,18.1159,0.1343,True,True,False,bulk_1.0.0,0.0,0.0,0.9999995,435120240.0,t17_f5_c3,ZTF18abcqfbx
ztf,58777.087036999874,1023087034015015005,2,1023087034015,19.2795,1,1023,0.325544,19.1644,16.667284,19.2258,0.257621,0.019364525,0.02583064,0.3183,276.8507134,-1.0127872,0.887143,19.1975,0.3959,False,True,False,bulk_1.0.0,0.0,1.041075914015015e+18,,,t17_f5_c3,ZTF18abcqfbx
ztf,58781.08569440013,1027085694015015006,2,1027085694015,19.1334,1,1027,0.02204,18.3258,16.547346,19.0736,0.222577,0.040462628,0.04326119,0.2714,276.8507659,-1.0127258,0.598571,18.931,0.304,False,True,False,bulk_1.0.0,0.0,1.041075914015015e+18,,,t17_f5_c3,ZTF18abcqfbx
ztf,58791.08398150001,1037083984015015006,2,1037083984015,19.45111,1,1037,0.73267585,18.563656,16.589678,18.4428,0.1714884,0.022839984,0.02783834,0.1437,276.8505658,-1.0127546,0.8528572,18.2501,0.1532,False,True,False,bulk_1.0.0,0.0,1.041075914015015e+18,0.9972639,435120240.0,t17_f5_c3,ZTF18abcqfbx
ztf,58795.075914400164,1041075914015015008,2,1041075914015,19.332172,1,1041,0.14899866,18.254637,16.533144,18.6924,0.20395201,0.038948804,0.041776374,0.2299,276.8507435,-1.0127537,0.56714284,18.5545,0.2589,True,True,False,bulk_1.0.0,0.0,0.0,0.997071,435120240.0,t17_f5_c3,ZTF18abcqfbx
ztf,59046.38055559993,1292380554015010011,2,1292380554015,20.5502,-1,1292,0.172972,18.6754,16.990654,18.7562,0.185218,0.031780254,0.03924504,0.0823,276.8508034,-1.0127548,0.668571,18.8068,0.1089,False,True,False,bulk_1.0.0,0.0,1.29825128401501e+18,,,t17_f5_c3,ZTF18abcqfbx
ztf,59046.38055559993,1292380554015010012,2,1292380554015,20.550207,-1,1292,0.12645106,18.501257,17.031433,18.6705,0.07198924,100.0,0.018592495,0.0786,276.8507808,-1.0126868,0.79,18.7135,0.1021,False,True,False,bulk_1.0.0,0.0,1.29825128401501e+18,0.99800426,435120240.0,t17_f5_c3,ZTF18abcqfbx
ztf,59049.33722219989,1295337224015010008,2,1295337224015,20.4872,-1,1295,0.145851,18.4949,17.033081,18.367,0.152191,0.03153772,0.039596893,0.0604,276.8508079,-1.0127165,0.717143,18.3927,0.078,False,True,False,bulk_1.0.0,0.0,1.29825128401501e+18,,,t17_f5_c3,ZTF18abcqfbx
ztf,59052.25128469989,1298251284015010004,2,1298251284015,20.866125,-1,1298,0.16176961,18.253622,17.105757,18.7205,0.10891291,0.02786283,0.037838425,0.0644,276.8507453,-1.0126809,0.49,18.6637,0.078,False,True,False,bulk_1.0.0,0.0,1.31031135401501e+18,0.9803179,435120240.0,t17_f5_c3,ZTF18abcqfbx
ztf,59055.31620369991,1301316204015010005,2,1301316204015,20.700748,-1,1301,0.038190115,18.061556,17.18132,18.0901,0.092079535,0.030367417,0.04093252,0.0426,276.8507774,-1.0127244,0.7885714,18.1144,0.0548,False,True,False,bulk_1.0.0,0.0,1.31031135401501e+18,0.99985,435120240.0,t17_f5_c3,ZTF18abcqfbx
ztf,59064.31135419989,1310311354015010008,2,1310311354015,19.071157,-1,1310,0.08631361,17.72133,17.375277,17.6542,0.10524857,0.069130726,0.07652347,0.1014,276.8507851,-1.0127023,0.94142854,17.6756,0.1327,True,True,False,bulk_1.0.0,0.0,0.0,1.0,435120240.0,t17_f5_c3,ZTF18abcqfbx
ztf,59118.22717589978,1364227174015010010,2,1364227174015,19.6016,-1,1364,0.239626,18.2505,17.106844,18.0818,0.121239,0.033633973,0.04228436,0.0964,276.8508261,-1.0127532,0.84,18.0539,0.1201,False,True,False,bulk_1.0.0,0.0,1.391094034015015e+18,,,t17_f5_c3,ZTF18abcqfbx
ztf,59119.16670140019,1365166704015010006,2,1365166704015,19.8604,-1,1365,0.336861,18.2554,17.105139,18.1765,0.123262,0.034221668,0.042729236,0.0894,276.8508289,-1.0127937,0.728571,18.1447,0.111,False,True,False,bulk_1.0.0,0.0,1.391094034015015e+18,,,t17_f5_c3,ZTF18abcqfbx
ztf,59141.10532409977,1387105324015015063,2,1387105324015,19.2536,1,1387,0.437676,18.0152,16.479612,18.3926,0.097229,0.018756445,0.023635278,0.1914,276.8507025,-1.012824,0.475714,18.4059,0.2469,False,True,False,bulk_1.0.0,0.0,1.396103764015015e+18,,,t17_f5_c3,ZTF18abcqfbx
ztf,59145.09403940011,1391094034015015008,2,1391094034015,20.092945,1,1391,0.068871774,17.935497,16.459692,18.3141,0.20190974,0.049901128,0.051860325,0.0847,276.8507872,-1.0127173,0.45714286,18.2881,0.1043,False,True,False,bulk_1.0.0,0.0,1.396103764015015e+18,0.64302504,435120240.0,t17_f5_c3,ZTF18abcqfbx
ztf,59150.103761599865,1396103764015015004,2,1396103764015,19.578432,1,1396,0.47804055,17.756308,16.41077,17.9148,0.091306515,0.022736887,0.026441554,0.0754,276.8506704,-1.0128091,0.92714286,17.8615,0.0911,True,True,False,bulk_1.0.0,0.0,0.0,0.9999959,435120240.0,t17_f5_c3,ZTF18abcqfbx
ztf,59427.317743100226,1673317744015015004,2,1673317744015,20.412,1,1673,0.334026,18.3386,16.549822,18.4816,0.16515,0.027849294,0.031795606,0.08,276.8507615,-1.0128141,0.512857,18.4458,0.0965,False,True,False,correction_1.0.6,0.0,1.70029145401501e+18,,,t17_f5_c3,ZTF18abcqfbx
ztf,59452.189999999944,1698190004015010010,2,1698190004015,20.3195,-1,1698,0.134605,18.6137,17.004189,18.6026,0.155124,0.026407573,0.035226896,0.0852,276.8508061,-1.0127128,0.575714,18.6687,0.1146,False,True,False,correction_1.0.6,0.0,1.70029145401501e+18,,,t17_f5_c3,ZTF18abcqfbx
ztf,59454.29145829985,1700291454015010008,2,1700291454015,20.06263,-1,1700,0.11869767,18.434563,17.049345,18.407,0.09751502,0.0122692445,0.027226016,0.0941,276.8507775,-1.0126881,0.7985714,18.407,0.1193,True,True,False,correction_1.0.6,0.0,,0.9551085,435120240.0,t17_f5_c3,ZTF18abcqfbx
ztf,59707.41614580015,1953416144015015008,2,1953416144015,20.3909,1,1953,0.224855,15.088,14.880959,15.1249,0.025772,0.021040628,0.021297632,0.0043,276.8507825,-1.0127789,0.827143,15.1042,0.0047,False,True,False,1.1.2,0.0,1.978419614015015e+18,,,t17_f5_c3,ZTF18abcqfbx
ztf,59707.457870400045,1953457874015015004,2,1953457874015,20.1395,1,1953,0.318988,15.049,14.848629,15.1107,0.032358,0.026713822,0.026905024,0.0045,276.8507791,-1.0128049,0.698571,15.0785,0.0049,False,True,False,1.1.2,0.0,1.978419614015015e+18,,,t17_f5_c3,ZTF18abcqfbx
ztf,59709.41927079996,1955419274015015008,2,1955419274015,20.3784,1,1955,0.170766,15.087,14.880132,15.1383,0.038284,0.031470295,0.03164244,0.0048,276.8507766,-1.0127674,0.89,15.1257,0.0054,False,True,False,1.1.2,0.0,1.978419614015015e+18,,,t17_f5_c3,ZTF18abcqfbx
ztf,59709.458726900164,1955458724015015004,2,1955458724015,19.9149,1,1955,0.166771,15.1271,14.913168,15.168,0.029251,0.023778154,0.024019718,0.006,276.850769,-1.0127653,0.861429,15.1557,0.007,False,True,False,1.1.2,0.0,1.978419614015015e+18,,,t17_f5_c3,ZTF18abcqfbx
ztf,59712.39937500004,1958399374015015005,2,1958399374015,19.8199,1,1958,0.196726,15.1051,14.89507,15.1692,0.043436,0.03563994,0.03579627,0.0064,276.8507775,-1.0127716,0.85,15.1564,0.0076,False,True,False,1.1.2,0.0,1.978419614015015e+18,,,t17_f5_c3,ZTF18abcqfbx
ztf,59712.43922450021,1958439224015015002,1,1958439224015,19.878,1,1958,0.18285,19.3132,19.082977,19.3611,0.192987,0.15577172,0.15611306,0.2407,276.8507858,-1.0128237,0.815714,19.5493,0.3671,False,True,False,1.1.2,0.0,1.978419614015015e+18,,,t17_f5_c3,ZTF18abcqfbx
ztf,59714.418576399796,1960418574015015004,2,1960418574015,19.5618,1,1960,0.129858,15.1523,14.933818,15.2137,0.041519,0.033774022,0.033951122,0.0081,276.8507703,-1.0127569,0.852857,15.2001,0.0099,False,True,False,1.1.2,0.0,1.978419614015015e+18,,,t17_f5_c3,ZTF18abcqfbx
ztf,59718.31686339993,1964316864015015007,2,1964316864015,19.3406,1,1964,0.190833,15.2813,15.038133,15.3296,0.038754,0.030742258,0.030977756,0.0102,276.8507965,-1.0127665,0.912857,15.3166,0.0126,False,True,False,1.1.2,0.0,1.978419614015015e+18,,,t17_f5_c3,ZTF18abcqfbx
ztf,59718.41260420019,1964412604015015006,2,1964412604015,19.6814,1,1964,0.15897,15.3355,15.081239,15.3609,0.027608,0.021480698,0.021843912,0.0087,276.8507775,-1.0127643,0.891429,15.3436,0.0105,False,True,False,1.1.2,0.0,1.978419614015015e+18,,,t17_f5_c3,ZTF18abcqfbx
ztf,59721.41692129988,1967416924015015011,2,1967416924015,20.5177,1,1967,0.160885,15.3361,15.081713,15.3879,0.043858,0.034469474,0.034697182,0.0056,276.8507713,-1.0127656,0.782857,15.3774,0.0063,False,True,False,1.1.2,0.0,1.978419614015015e+18,,,t17_f5_c3,ZTF18abcqfbx
ztf,59723.3519444,1969351944015015007,2,1969351944015,20.6294,1,1969,0.204052,15.4032,15.134451,15.4437,0.037884,0.029282263,0.029577147,0.0056,276.8507785,-1.0127773,0.845714,15.4279,0.0063,False,True,False,1.1.2,0.0,1.978419614015015e+18,,,t17_f5_c3,ZTF18abcqfbx
ztf,59723.39700229978,1969397004015015002,1,1969397004015,20.3106,1,1969,0.255741,19.5427,19.264715,19.7604,0.144313,0.11104704,0.11171495,0.2066,276.8507803,-1.0127679,0.925714,19.5479,0.2178,False,True,False,1.1.2,0.0,1.978419614015015e+18,,,t17_f5_c3,ZTF18abcqfbx
ztf,59725.37525459984,1971375254015015003,1,1971375254015,20.361,1,1971,0.358885,19.5477,19.268583,19.7666,0.14908,0.11463318,0.115284935,0.1957,276.8508131,-1.0128869,0.88,19.732,0.2426,False,True,False,1.1.2,0.0,1.978419614015015e+18,,,t17_f5_c3,ZTF18abcqfbx
ztf,59729.39762730012,1975397624015015003,1,1975397624015,20.2053,1,1975,0.194364,19.5018,19.23292,19.2721,0.15985,0.1242209,0.124784425,0.1156,276.8507617,-1.0128709,0.405714,19.1883,0.1366,False,True,False,1.1.2,0.0,1.978419614015015e+18,,,t17_f5_c3,ZTF18abcqfbx
ztf,59729.44150459999,1975441504015015010,2,1975441504015,20.3621,1,1975,0.185751,15.5005,15.209657,15.5528,0.02891,0.021660833,0.022116227,0.006,276.8507692,-1.0127726,0.875714,15.5341,0.0068,False,True,False,1.1.2,0.0,1.978419614015015e+18,,,t17_f5_c3,ZTF18abcqfbx
ztf,59732.38119209977,1978381194015015007,2,1978381194015,20.426,1,1978,0.177911,15.5097,15.216688,15.5822,0.035404,0.026653906,0.027030101,0.0064,276.8507737,-1.0127694,0.88,15.5701,0.0073,False,True,False,1.1.2,0.0,1.978419614015015e+18,,,t17_f5_c3,ZTF18abcqfbx
ztf,59732.41961809993,1978419614015015006,1,1978419614015,20.494171,1,1978,0.3674846,19.585203,19.29747,19.3951,0.18779391,0.14352542,0.14407493,0.1377,276.8506328,-1.0128443,0.6257143,19.3142,0.1631,True,True,False,1.1.2,0.0,,0.99993646,435120140.0,t17_f5_c3,ZTF18abcqfbx
ztf,59748.336087999865,1994336084015015007,2,1994336084015,19.9205,1,1994,0.144471,15.8418,15.460583,15.9225,0.049629,0.034478057,0.03493403,0.0103,276.8507737,-1.0127598,0.895714,15.9076,0.0124,False,True,False,dev,0.0,2.022269134015015e+18,,,t17_f5_c3,ZTF18abcqfbx
ztf,59750.334965299815,1996334964015015006,2,1996334964015,20.0044,1,1996,0.166465,15.9056,15.505097,15.9742,0.034358,0.023024611,0.023758944,0.0091,276.8507847,-1.0127629,0.844286,15.9587,0.0106,False,True,False,dev,0.0,2.022269134015015e+18,,,t17_f5_c3,ZTF18abcqfbx
ztf,59752.3150231,1998315024015015002,1,1998315024015,20.4675,1,1998,0.301223,20.0781,19.654066,20.0003,0.236669,0.15919572,0.16015023,0.2502,276.8507655,-1.0129024,0.68,19.9729,0.3127,False,True,False,dev,0.0,2.022269134015015e+18,,,t17_f5_c3,ZTF18abcqfbx
ztf,59755.33656249987,2001336564015015007,2,2001336564015,20.4119,1,2001,0.204758,16.0396,15.59597,16.121,0.050269,0.03279431,0.033407807,0.0094,276.8507665,-1.0127771,0.884286,16.1116,0.011,False,True,False,dev,0.0,2.022269134015015e+18,,,t17_f5_c3,ZTF18abcqfbx
ztf,59757.31553239981,2003315534015015003,1,2003315534015,20.6303,1,2003,0.235822,20.3162,19.809332,19.9619,0.253208,0.15747301,0.15875609,0.2199,276.8507813,-1.0128687,0.437143,19.9113,0.2689,False,True,False,dev,0.0,2.022269134015015e+18,,,t17_f5_c3,ZTF18abcqfbx
ztf,59757.33560189977,2003335604015015002,1,2003335604015,20.4453,1,2003,0.265253,20.1023,19.670383,20.061,0.264145,0.17656234,0.17744964,0.2672,276.8508071,-1.0128171,0.458571,19.8233,0.2754,False,True,False,dev,0.0,2.022269134015015e+18,,,t17_f5_c3,ZTF18abcqfbx
ztf,59759.27312499983,2005273124015015003,1,2005273124015,20.6135,1,2005,0.290746,20.5195,19.932281,20.1362,0.291264,0.16808248,0.16958949,0.2604,276.8508091,-1.0128527,0.521429,20.5062,0.4682,False,True,False,dev,0.0,2.022269134015015e+18,,,t17_f5_c3,ZTF18abcqfbx
ztf,59759.31479169987,2005314794015015012,2,2005314794015,20.5688,1,2005,0.187161,16.1751,15.684111,16.2419,0.061234,0.038339954,0.03895801,0.01,276.8507743,-1.0127702,0.855714,16.2318,0.0117,False,True,False,dev,0.0,2.022269134015015e+18,,,t17_f5_c3,ZTF18abcqfbx
ztf,59763.32747690007,2009327474015015004,2,2009327474015,20.7005,1,2009,0.180973,16.2926,15.7573805,16.3704,0.045348,0.026694158,0.027699387,0.0104,276.8507659,-1.0127724,0.764286,16.3461,0.012,False,True,False,dev,0.0,2.022269134015015e+18,,,t17_f5_c3,ZTF18abcqfbx
ztf,59763.377488399856,2009377484015015004,1,2009377484015,20.4809,1,2009,0.096679,20.2534,19.769537,20.1016,0.215734,0.1367855,0.13815694,0.2504,276.8507577,-1.0128365,0.731429,20.0523,0.3066,False,True,False,dev,0.0,2.022269134015015e+18,,,t17_f5_c3,ZTF18abcqfbx
ztf,59765.33672450017,2011336724015015007,2,2011336724015,20.7208,1,2011,0.195988,16.4087,15.82681,16.4501,0.054979,0.031188475,0.03216922,0.0111,276.8507733,-1.0127753,0.677143,16.4364,0.0131,False,True,False,dev,0.0,2.022269134015015e+18,,,t17_f5_c3,ZTF18abcqfbx
ztf,59768.29392360011,2014293924015015004,1,2014293924015,20.1952,1,2014,0.834774,20.3244,19.814466,20.0707,0.268426,0.16659807,0.16782288,0.3595,276.8509389,-1.0129342,0.595714,19.8581,0.3794,False,True,False,dev,0.0,2.022269134015015e+18,,,t17_f5_c3,ZTF18abcqfbx
ztf,59772.292638900224,2018292634015015001,2,2018292634015,19.6438,1,2018,0.180297,16.6233,15.947178,16.68,0.051242,0.02604124,0.027490148,0.03,276.8507679,-1.0127711,0.637143,16.6895,0.0384,False,True,False,dev,0.0,2.022269134015015e+18,,,t17_f5_c3,ZTF18abcqfbx
ztf,59772.39842589991,2018398424015015000,2,2018398424015,19.2546,1,2018,0.239992,16.6007,15.934995,16.6462,0.052745,0.027209602,0.028569274,0.0378,276.8507287,-1.0127746,0.908571,16.6443,0.048,False,True,False,dev,0.0,2.022269134015015e+18,,,t17_f5_c3,ZTF18abcqfbx
ztf,59774.293576399796,2020293574015015003,2,2020293574015,19.1939,1,2020,0.209961,16.6249,15.948036,16.6449,0.070288,0.036636837,0.037682127,0.0393,276.8507789,-1.0127786,0.947143,16.6355,0.0497,False,True,False,dev,0.0,2.022269134015015e+18,,,t17_f5_c3,ZTF18abcqfbx
ztf,59774.392002299894,2020392004015015001,2,2020392004015,19.2461,1,2020,0.149227,16.6624,15.9679785,16.8134,0.055358,0.027787821,0.029201964,0.0488,276.8507529,-1.0127599,0.864286,16.7654,0.0597,False,True,False,dev,0.0,2.022269134015015e+18,,,t17_f5_c3,ZTF18abcqfbx
ztf,59776.26913189981,2022269134015015008,2,2022269134015,20.063131,1,2022,0.12123774,16.755205,16.015945,16.7587,0.07540521,0.03699655,0.038167804,0.0226,276.8507509,-1.0127493,0.80857146,16.7686,0.0285,True,True,False,dev,0.0,,0.99993825,435120240.0,t17_f5_c3,ZTF18abcqfbx
ztf,59776.3493170999,2022349314015015003,2,2022349314015,20.0029,1,2022,0.183396,16.6848,15.979737,16.7233,0.093447,0.04796256,0.048813563,0.0237,276.8507642,-1.0127718,0.741429,16.7037,0.0292,False,True,False,dev,0.0,2.040270564015015e+18,,,t17_f5_c3,ZTF18abcqfbx
ztf,59779.25236110017,2025252364015015007,2,2025252364015,20.5757,1,2025,0.194138,16.7924,16.034613,16.8723,0.04908,0.022479769,0.024422461,0.017,276.8507686,-1.012775,0.86,16.8629,0.0204,False,True,False,dev,0.0,2.040270564015015e+18,,,t17_f5_c3,ZTF18abcqfbx
ztf,59779.29282409977,2025292824015015005,2,2025292824015,20.2645,1,2025,0.155792,16.8253,16.05086,16.8888,0.05045,0.022744136,0.024722064,0.0196,276.8507624,-1.0127637,0.898571,16.8796,0.0239,False,True,False,dev,0.0,2.040270564015015e+18,,,t17_f5_c3,ZTF18abcqfbx
ztf,59783.359224500135,2029359224015015001,2,2029359224015,20.5123,1,2029,0.242157,16.893,16.083508,16.9973,0.046511,0.019679494,0.022067772,0.0195,276.850748,-1.0127861,0.818571,16.9693,0.0231,False,True,False,dev,0.0,2.040270564015015e+18,,,t17_f5_c3,ZTF18abcqfbx
ztf,59789.25287039997,2035252874015015005,2,2035252874015,20.4851,1,2035,0.256225,17.1288,16.189037,17.227,0.096758,0.03920231,0.040717553,0.0242,276.8507693,-1.0127925,0.794286,17.2157,0.0295,False,True,False,dev,0.0,2.040270564015015e+18,,,t17_f5_c3,ZTF18abcqfbx
ztf,59791.21061340021,2037210614015015009,2,2037210614015,20.2558,1,2037,0.24355,17.1795,16.210085,17.3119,0.094563,0.037060592,0.038721737,0.029,276.8507549,-1.0127879,0.867143,17.2803,0.0349,False,True,False,dev,0.0,2.040270564015015e+18,,,t17_f5_c3,ZTF18abcqfbx
ztf,59794.27056710003,2040270564015015006,2,2040270564015,20.524137,1,2040,0.11729647,17.423677,16.303534,17.4864,0.09764686,0.032582622,0.034801714,0.0307,276.850747,-1.0127444,0.74285716,17.43,0.0358,True,True,False,dev,0.0,,0.99914575,435120240.0,t17_f5_c3,ZTF18abcqfbx
ztf,59797.33722219989,2043337224015015000,2,2043337224015,20.541538,1,2043,0.13400865,17.581247,16.357107,17.7045,0.08881182,0.02573314,0.028761711,0.036,276.8507381,-1.0127402,0.7771429,17.6544,0.0425,True,True,False,dev,0.0,,0.9802679,435120240.0,t17_f5_c3,ZTF18abcqfbx
ztf,59799.2117130002,2045211714015015004,2,2045211714015,19.287,1,2045,0.142515,17.6209,16.369791,17.8179,0.101729,0.029390896,0.0321367,0.0953,276.8507559,-1.0127564,0.934286,17.7385,0.113,False,True,False,dev,0.0,2.051193054015015e+18,,,t17_f5_c3,ZTF18abcqfbx
ztf,59805.19305559993,2051193054015015003,2,2051193054015,20.206192,1,2051,0.08244486,18.059414,16.490196,18.3425,0.1553417,0.033606607,0.036610078,0.0869,276.850748,-1.0127339,0.5557143,18.3188,0.1071,True,True,False,dev,0.0,,0.8147875,435120240.0,t17_f5_c3,ZTF18abcqfbx
ztf,59809.25258099986,2055252584015015006,2,2055252584015,20.357906,1,2055,0.14904027,18.302935,16.542864,18.5666,0.13883331,0.022822248,0.02744512,0.0859,276.8507406,-1.0127494,0.6557143,18.5099,0.1018,True,True,False,dev,0.0,,0.55519265,435120240.0,t17_f5_c3,ZTF18abcqfbx
ztf,59972.56490739994,2218564904015015005,2,2218564904015,19.4918,1,2218,0.340817,16.7964,16.0366,16.9001,0.0566,0.02643581,0.028112328,0.0292,276.8508272,-1.0127967,0.902857,16.884,0.0362,False,True,False,1.1.6,0.0,2.231546134015015e+18,,,t17_f5_c3,ZTF18abcqfbx
ztf,59972.567268500105,2218567264015015007,2,2218567264015,19.3691,1,2218,0.392643,16.8246,16.050516,16.8327,0.050854,0.022969354,0.024928229,0.0292,276.850811,-1.0128227,0.877143,16.8009,0.0357,False,True,False,1.1.6,0.0,2.231546134015015e+18,,,t17_f5_c3,ZTF18abcqfbx
ztf,59972.569629599806,2218569624015015003,2,2218569624015,19.2749,1,2218,0.494115,16.7583,16.017511,16.8248,0.07391,0.036157317,0.0373583,0.0321,276.8508511,-1.0128328,0.777143,16.795,0.0395,False,True,False,1.1.6,0.0,2.231546134015015e+18,,,t17_f5_c3,ZTF18abcqfbx
ztf,59972.57200230006,2218572004015015003,2,2218572004015,19.2158,1,2218,0.414659,16.8848,16.079609,16.9424,0.05302,0.02321359,0.025255919,0.0397,276.8508635,-1.0127929,0.897143,16.8828,0.0477,False,True,False,1.1.6,0.0,2.231546134015015e+18,,,t17_f5_c3,ZTF18abcqfbx
ztf,59972.57436340023,2218574364015015004,2,2218574364015,19.0357,1,2218,0.383568,16.8424,16.059204,16.9589,0.05628,0.025555676,0.02735748,0.0495,276.8508088,-1.0128226,0.942857,17.0316,0.0675,False,True,False,1.1.6,0.0,2.231546134015015e+18,,,t17_f5_c3,ZTF18abcqfbx
ztf,59977.5636574002,2223563654015015005,2,2223563654015,19.6229,1,2223,0.334051,16.903,16.08824,17.029,0.057914,0.025439685,0.027345106,0.0334,276.8508104,-1.0128048,0.897143,16.9838,0.0404,False,True,False,1.1.6,0.0,2.231546134015015e+18,,,t17_f5_c3,ZTF18abcqfbx
ztf,59977.56609949982,2223566094015015006,2,2223566094015,19.5511,1,2223,0.199471,16.9179,16.09525,16.9327,0.055954,0.024208313,0.026228357,0.0342,276.8508012,-1.0127657,0.922857,16.8997,0.0419,False,True,False,1.1.6,0.0,2.231546134015015e+18,,,t17_f5_c3,ZTF18abcqfbx
ztf,59977.56853009993,2223568534015015007,2,2223568534015,19.3592,1,2223,0.290973,16.8271,16.05174,16.9278,0.086036,0.040993277,0.042124648,0.0386,276.8508444,-1.0127525,0.928571,16.9133,0.0484,False,True,False,1.1.6,0.0,2.231546134015015e+18,,,t17_f5_c3,ZTF18abcqfbx
ztf,59977.57097220002,2223570974015015007,2,2223570974015,19.1247,1,2223,0.346507,16.8845,16.079466,16.9961,0.072194,0.032924272,0.034394365,0.049,276.8508469,-1.0127792,0.932857,16.9653,0.0607,False,True,False,1.1.6,0.0,2.231546134015015e+18,,,t17_f5_c3,ZTF18abcqfbx
ztf,59977.57340280013,2223573404015015006,2,2223573404015,18.9293,1,2223,0.278715,16.8751,16.074976,17.018,0.066716,0.03035278,0.03192869,0.0658,276.8508392,-1.0127492,0.918571,17.0347,0.0855,False,True,False,1.1.6,0.0,2.231546134015015e+18,,,t17_f5_c3,ZTF18abcqfbx
ztf,59979.563252300024,2225563254015015008,2,2225563254015,19.1792,1,2225,0.239677,16.8922,16.083128,17.0492,0.074056,0.03370342,0.035150465,0.0539,276.8508163,-1.0127674,0.947143,17.0732,0.0703,False,True,False,1.1.6,0.0,2.231546134015015e+18,,,t17_f5_c3,ZTF18abcqfbx
ztf,59979.5656365999,2225565634015015005,2,2225565634015,19.1091,1,2225,0.247462,16.8776,16.076172,17.0113,0.060807,0.02732136,0.029065836,0.0538,276.8508159,-1.0127714,0.937143,17.0282,0.0697,False,True,False,1.1.6,0.0,2.231546134015015e+18,,,t17_f5_c3,ZTF18abcqfbx
ztf,59979.56803240022,2225568034015015007,2,2225568034015,19.1009,1,2225,0.192694,16.8897,16.08194,17.0553,0.075613,0.034521844,0.035932913,0.0592,276.8508145,-1.0127512,0.92,17.0126,0.0727,False,True,False,1.1.6,0.0,2.231546134015015e+18,,,t17_f5_c3,ZTF18abcqfbx
ztf,59979.570428200066,2225570424015015007,2,2225570424015,19.0411,1,2225,0.27416,16.8791,16.07689,16.9468,0.071604,0.032730546,0.034202117,0.0579,276.8508068,-1.0127827,0.931429,16.9354,0.0732,False,True,False,1.1.6,0.0,2.231546134015015e+18,,,t17_f5_c3,ZTF18abcqfbx
ztf,59979.57282410003,2225572824015015006,2,2225572824015,18.8258,1,2225,0.249757,16.914,16.09342,17.1112,0.078827,0.03562276,0.03702057,0.079,276.8508124,-1.0127711,0.91,17.0946,0.0996,False,True,False,1.1.6,0.0,2.231546134015015e+18,,,t17_f5_c3,ZTF18abcqfbx
ztf,59985.546134300064,2231546134015015005,2,2231546134015,19.183062,1,2231,0.20132421,16.973473,16.120945,17.1194,0.05496385,0.022834789,0.025064923,0.0377,276.8507296,-1.0127611,0.8685714,17.0995,0.0468,True,True,False,1.1.6,0.0,,0.99998057,435120240.0,t17_f5_c3,ZTF18abcqfbx
ztf,60163.290705999825,2409290704015015006,2,2409290704015,20.3223,1,2409,0.135677,15.995,15.566126,16.0792,0.047494,0.031389024,0.031995516,0.0101,276.8507624,-1.0127575,0.804286,16.0722,0.012,False,True,False,1.2.0,0.0,2.439288494015015e+18,,,t17_f5_c3,ZTF18abcqfbx
ztf,60163.31190969981,2409311904015015002,1,2409311904015,19.9812,1,2409,0.100395,20.2094,19.741154,20.4337,0.301428,0.19491671,0.19583254,0.5561,276.8507212,-1.0127975,0.797143,20.0702,0.5111,False,True,False,1.2.0,0.0,2.439288494015015e+18,,,t17_f5_c3,ZTF18abcqfbx
ztf,60168.32047449984,2414320474015025006,2,2414320474015,20.3774,1,2414,0.170389,16.1299,15.655136,16.2129,0.046165,0.029043602,0.029813124,0.0109,276.8507592,-1.0127675,0.918571,16.2048,0.013,False,True,False,1.2.0,0.0,2.439288494015015e+18,,,t17_f5_c3,ZTF18abcqfbx
ztf,60170.23141200002,2416231414015015005,1,2416231414015,20.4016,1,2416,0.17917,20.3438,19.826555,20.2461,0.228475,0.1404027,0.14188637,0.3129,276.8507654,-1.0127837,0.752857,19.7197,0.2478,False,True,False,1.2.0,0.0,2.439288494015015e+18,,,t17_f5_c3,ZTF18abcqfbx
ztf,60170.277048599906,2416277044015025006,2,2416277044015,20.4593,1,2416,0.216194,16.1885,15.692616,16.2729,0.039637,0.024118356,0.025104262,0.0109,276.8507503,-1.0127756,0.892857,16.2505,0.0127,False,True,False,1.2.0,0.0,2.439288494015015e+18,,,t17_f5_c3,ZTF18abcqfbx
ztf,60172.190497700125,2418190494015015006,2,2418190494015,20.3834,1,2418,0.228079,16.2619,15.738525,16.3419,0.039579,0.023335379,0.024440771,0.012,276.8507616,-1.0127841,0.91,16.3241,0.0141,False,True,False,1.2.0,0.0,2.439288494015015e+18,,,t17_f5_c3,ZTF18abcqfbx
ztf,60174.19013890019,2420190134015015001,1,2420190134015,20.285,1,2420,0.42978,20.6088,19.98338,20.0678,0.312134,0.17385714,0.17545772,0.2747,276.850816,-1.0129128,0.421429,19.8855,0.2976,False,True,False,1.2.0,0.0,2.439288494015015e+18,,,t17_f5_c3,ZTF18abcqfbx
ztf,60174.212465300225,2420212464015015006,2,2420212464015,20.3538,1,2420,0.147424,16.3265,15.777961,16.3963,0.055301,0.03250488,0.033367015,0.0123,276.850771,-1.0127619,0.9,16.3745,0.0146,False,True,False,1.2.0,0.0,2.439288494015015e+18,,,t17_f5_c3,ZTF18abcqfbx
ztf,60182.27267359989,2428272674015015004,2,2428272674015,19.8585,1,2428,0.219414,16.564,15.914962,16.6538,0.049054,0.025590748,0.026981099,0.0213,276.8507566,-1.0127789,0.925714,16.6395,0.0263,False,True,False,1.2.0,0.0,2.439288494015015e+18,,,t17_f5_c3,ZTF18abcqfbx
ztf,60184.17152780015,2430171524015015003,2,2430171524015,19.5963,1,2430,0.164972,16.6738,15.973977,16.7056,0.053787,0.026750393,0.02823244,0.0278,276.8507846,-1.0127634,0.92,16.6796,0.0343,False,True,False,1.2.0,0.0,2.439288494015015e+18,,,t17_f5_c3,ZTF18abcqfbx
ztf,60186.25745370006,2432257454015015004,2,2432257454015,19.4593,1,2432,0.302275,16.7091,15.992364,16.8276,0.08431,0.042591326,0.04356966,0.0361,276.8507192,-1.0127893,0.885714,16.8077,0.0451,False,True,False,1.2.0,0.0,2.439288494015015e+18,,,t17_f5_c3,ZTF18abcqfbx
ztf,60191.17018519994,2437170184015015006,2,2437170184015,20.5028,1,2437,0.240686,16.8578,16.066664,16.9817,0.065976,0.030280907,0.03183695,0.0185,276.8507625,-1.0127873,0.888571,16.967,0.0223,False,True,False,1.2.0,0.0,2.439288494015015e+18,,,t17_f5_c3,ZTF18abcqfbx
ztf,60193.28849539999,2439288494015015009,2,2439288494015,20.056128,1,2439,0.2317555,16.897251,16.085522,17.0393,0.07785178,0.035478435,0.036861826,0.0271,276.8507154,-1.0127602,0.8042857,17.0686,0.0347,True,True,False,1.2.0,0.0,,0.9828279,435120240.0,t17_f5_c3,ZTF18abcqfbx
ztf,60206.16987269977,2452169874015015009,2,2452169874015,20.48105,1,2452,0.055734374,17.60526,16.364826,17.7162,0.12163207,0.03658318,0.03880379,0.0374,276.8507536,-1.0127277,0.7814286,17.6622,0.0442,True,True,False,1.2.1,0.0,,0.62785065,435120240.0,t17_f5_c3,ZTF18abcqfbx
ztf,60209.171481499914,2455171484015025006,2,2455171484015,19.8646,1,2455,0.253917,17.7463,16.407864,17.8891,0.094843,0.02414702,0.027645888,0.054,276.8507526,-1.0127899,0.855714,17.7893,0.0619,False,True,False,1.2.1,0.0,2.458170174015015e+18,,,t17_f5_c3,ZTF18abcqfbx
ztf,60212.17017359985,2458170174015015005,2,2458170174015,19.89014,1,2458,0.11163369,17.947668,16.462805,18.1445,0.18273583,0.044339318,0.046545595,0.088,276.8507516,-1.0126929,0.53571427,18.2684,0.125,True,True,False,1.2.1,0.0,,0.01331544,435120240.0,t17_f5_c3,ZTF18abcqfbx
ztf,60525.2706133998,2771270614015015004,2,2771270614015,20.4909,1,2771,0.138737,15.512,15.218444,15.5598,0.037203,0.028030237,0.028389351,0.0065,276.8507614,-1.0127574,0.867143,15.5483,0.0075,False,True,False,24.5.1,0.0,2.801169644015015e+18,,,t17_f5_c3,ZTF18abcqfbx
ztf,60527.21320600016,2773213204015015002,1,2773213204015,20.4174,1,2773,0.399704,19.7478,19.419983,19.5992,0.213647,0.15734003,0.15796815,0.1839,276.8507965,-1.0129159,0.668571,19.8183,0.2877,False,True,False,24.5.1,0.0,2.801169644015015e+18,,,t17_f5_c3,ZTF18abcqfbx
ztf,60527.23244210007,2773232444015015006,2,2773232444015,20.2972,1,2773,0.209284,15.4993,15.208739,15.5896,0.036837,0.02783245,0.028187718,0.0069,276.850767,-1.0127792,0.848571,15.5725,0.008,False,True,False,24.5.1,0.0,2.801169644015015e+18,,,t17_f5_c3,ZTF18abcqfbx
ztf,60529.253888899926,2775253884015025005,2,2775253884015,20.3532,1,2775,0.169666,15.5365,15.237089,15.6221,0.048015,0.03615404,0.03644288,0.0072,276.8507597,-1.0127674,0.774286,15.6096,0.0083,False,True,False,24.5.1,0.0,2.801169644015015e+18,,,t17_f5_c3,ZTF18abcqfbx
ztf,60529.30532409996,2775305324015015002,1,2775305324015,20.1673,1,2775,0.538523,19.8715,19.510061,19.2935,0.258421,0.18461552,0.18524764,0.1749,276.8505887,-1.0128646,0.365714,19.4469,0.2575,False,True,False,24.5.1,0.0,2.801169644015015e+18,,,t17_f5_c3,ZTF18abcqfbx
ztf,60535.21329860017,2781213294015015004,1,2781213294015,20.1097,1,2781,0.269669,20.0554,19.638653,19.5463,0.219498,0.14853713,0.14953114,0.23,276.8508099,-1.0128323,0.461429,19.5951,0.3087,False,True,False,24.5.1,0.0,2.801169644015015e+18,,,t17_f5_c3,ZTF18abcqfbx
ztf,60535.26560189994,2781265604015015008,2,2781265604015,20.2563,1,2781,0.171881,15.6967,15.356463,15.7567,0.047522,0.0343595,0.03473761,0.0082,276.8507616,-1.0127643,0.917143,15.7449,0.0096,False,True,False,24.5.1,0.0,2.801169644015015e+18,,,t17_f5_c3,ZTF18abcqfbx
ztf,60537.19053239981,2783190534015015002,1,2783190534015,19.7949,1,2783,0.568155,19.7377,19.412504,19.7746,0.254548,0.18814681,0.18866523,0.3816,276.8507549,-1.012982,0.672857,19.5433,0.3961,False,True,False,24.5.1,0.0,2.801169644015015e+18,,,t17_f5_c3,ZTF18abcqfbx
ztf,60537.268622700125,2783268624015015010,2,2783268624015,20.0617,1,2783,0.082057,15.7612,15.403231,15.7873,0.044454,0.03152004,0.031968575,0.0098,276.8507629,-1.0127426,0.812857,15.78,0.0119,False,True,False,24.5.1,0.0,2.801169644015015e+18,,,t17_f5_c3,ZTF18abcqfbx
ztf,60539.32472220017,2785324724015015002,2,2785324724015,18.8944,1,2785,0.21597,15.7607,15.402871,15.8248,0.03678,0.02590985,0.026453324,0.0193,276.8507616,-1.012778,0.898571,15.8076,0.024,False,True,False,24.5.1,0.0,2.801169644015015e+18,,,t17_f5_c3,ZTF18abcqfbx
ztf,60543.18990739994,2789189904015025002,2,2789189904015,19.8755,1,2789,0.132991,15.8485,15.465295,15.8952,0.056855,0.039545592,0.039947215,0.0115,276.8507693,-1.0127578,0.854286,15.8794,0.014,False,True,False,24.5.1,0.0,2.801169644015015e+18,,,t17_f5_c3,ZTF18abcqfbx
ztf,60545.233703699894,2791233704015025002,2,2791233704015,19.964,1,2791,0.190517,15.887,15.492202,15.9378,0.045921,0.031392284,0.03192215,0.0107,276.8507571,-1.0127715,0.907143,15.9263,0.013,False,True,False,24.5.1,0.0,2.801169644015015e+18,,,t17_f5_c3,ZTF18abcqfbx
ztf,60547.23752309987,2793237524015015003,2,2793237524015,20.316,1,2793,0.169025,15.9511,15.536358,15.9992,0.040381,0.026891733,0.027560048,0.0096,276.8507583,-1.0127652,0.824286,15.9821,0.0114,False,True,False,24.5.1,0.0,2.801169644015015e+18,,,t17_f5_c3,ZTF18abcqfbx
ztf,60549.16979169985,2795169794015015002,1,2795169794015,20.3981,1,2795,0.127779,20.2481,19.766138,20.1106,0.271096,0.1728349,0.17391555,0.298,276.8507587,-1.0128501,0.45,19.8745,0.3078,False,True,False,24.5.1,0.0,2.801169644015015e+18,,,t17_f5_c3,ZTF18abcqfbx
ztf,60551.21380789997,2797213804015015005,2,2797213804015,20.4553,1,2797,0.172896,16.0482,15.601678,16.1047,0.055532,0.036245476,0.036807314,0.0097,276.8507807,-1.0127676,0.861429,16.0899,0.0114,False,True,False,24.5.1,0.0,2.801169644015015e+18,,,t17_f5_c3,ZTF18abcqfbx
ztf,60553.235046300106,2799235044015015009,2,2799235044015,20.3724,1,2799,0.241041,16.1081,15.641008,16.1917,0.042903,0.027100721,0.027902996,0.0108,276.8507451,-1.01278,0.838571,16.1813,0.0129,False,True,False,24.5.1,0.0,2.801169644015015e+18,,,t17_f5_c3,ZTF18abcqfbx
ztf,60555.16964119999,2801169644015015004,2,2801169644015,20.55699,1,2801,0.07824389,16.182596,15.688873,16.2293,0.03612147,0.021846747,0.022923259,0.0106,276.8507582,-1.0127383,0.7985714,16.2135,0.0125,True,True,False,24.5.1,0.0,,0.835417,435120240.0,t17_f5_c3,ZTF18abcqfbx
ztf,60567.199583299924,2813199584015025008,2,2813199584015,19.9278,1,2813,0.277792,16.5026,15.880762,16.5579,0.059768,0.03267418,0.033708047,0.0217,276.8507427,-1.0127918,0.832857,16.5314,0.0266,False,True,False,24.5.1,0.0,2.843124274015015e+18,,,t17_f5_c3,ZTF18abcqfbx
ztf,60571.171180599835,2817171184015015006,2,2817171184015,19.4468,1,2817,0.187636,16.6062,15.93797,16.6835,0.056032,0.02899263,0.030279204,0.0293,276.8507514,-1.0127709,0.934286,16.6295,0.0353,False,True,False,24.5.1,0.0,2.843124274015015e+18,,,t17_f5_c3,ZTF18abcqfbx
ztf,60593.14876159979,2839148764015015007,2,2839148764015,19.7073,1,2839,0.240068,17.4969,16.329067,17.5663,0.063956,0.017864637,0.021814644,0.0489,276.8507363,-1.0127795,0.954286,17.5577,0.0612,False,True,False,24.5.1,0.0,2.843124274015015e+18,,,t17_f5_c3,ZTF18abcqfbx
ztf,60595.17357640015,2841173574015015005,2,2841173574015,19.2248,1,2841,0.388462,17.5249,16.338537,17.6949,0.094251,0.028970933,0.0316039,0.0666,276.8507086,-1.0128114,0.894286,17.7533,0.0893,False,True,False,24.5.1,0.0,2.843124274015015e+18,,,t17_f5_c3,ZTF18abcqfbx
ztf,60597.124270800035,2843124274015015007,2,2843124274015,20.121319,1,2843,0.16455865,17.795193,16.421888,17.958,0.13635097,0.035992276,0.038489006,0.0658,276.8507244,-1.0127371,0.5228571,17.9021,0.079,True,True,False,24.5.1,0.0,,0.17976186,435120240.0,t17_f5_c3,ZTF18abcqfbx
ztf,60903.168877299875,3149168874015035023,2,3149168874015,20.7015,1,3149,0.127073,14.7332,14.580018,14.7783,0.032396,0.028021853,0.028133163,0.0035,276.8507686,-1.0127561,0.818571,14.7673,0.0038,False,True,False,27.5.6,0.0,3.178271304015015e+18,,,t17_f5_c3,ZTF18abcqfbx
ztf,60903.19059030013,3149190594015035004,1,3149190594015,20.5951,1,3149,0.088012,18.7755,18.629486,18.7705,0.09888,0.08617014,0.086437635,0.0763,276.850736,-1.0128447,0.924286,18.8457,0.1037,False,True,False,27.5.6,0.0,3.178271304015015e+18,,,t17_f5_c3,ZTF18abcqfbx
ztf,60908.2474421002,3154247444015015018,2,3154247444015,20.3277,1,3154,0.22642,14.8044,14.641579,14.8606,0.043509,0.037356272,0.037449863,0.0041,276.8507474,-1.0127803,0.872857,14.8422,0.0046,False,True,False,27.5.6,0.0,3.178271304015015e+18,,,t17_f5_c3,ZTF18abcqfbx
ztf,60908.27843749989,3154278434015015004,1,3154278434015,20.1897,1,3154,0.36713,18.9544,18.784185,18.7524,0.147642,0.12597537,0.12621881,0.1058,276.8506602,-1.0128976,0.892857,18.6899,0.1276,False,True,False,27.5.6,0.0,3.178271304015015e+18,,,t17_f5_c3,ZTF18abcqfbx
ztf,60910.263425900135,3156263424015015015,2,3156263424015,20.22,1,3156,0.121338,14.8231,14.657655,14.895,0.039297,0.03363577,0.0337428,0.0046,276.8507597,-1.0127498,0.795714,14.8844,0.0053,False,True,False,27.5.6,0.0,3.178271304015015e+18,,,t17_f5_c3,ZTF18abcqfbx
ztf,60914.157476900145,3160157474015015002,1,3160157474015,20.2119,1,3160,0.22028,19.0565,18.870861,19.1824,0.125371,0.105326205,0.10566756,0.143,276.8507293,-1.0128852,0.908571,19.2643,0.1971,False,True,False,27.5.6,0.0,3.178271304015015e+18,,,t17_f5_c3,ZTF18abcqfbx
ztf,60914.2068403,3160206844015015018,2,3160206844015,20.5388,1,3160,0.16386,14.9761,14.787677,15.0176,0.032369,0.027043073,0.027211964,0.0044,276.8507514,-1.0127602,0.738571,15.0104,0.0049,False,True,False,27.5.6,0.0,3.178271304015015e+18,,,t17_f5_c3,ZTF18abcqfbx
ztf,60917.178460599855,3163178464015015002,1,3163178464015,20.2562,1,3163,0.190384,19.3576,19.118752,19.4782,0.147907,0.11821985,0.1186998,0.1994,276.8507511,-1.0127732,0.894286,19.5063,0.2621,False,True,False,27.5.6,0.0,3.178271304015015e+18,,,t17_f5_c3,ZTF18abcqfbx
ztf,60917.20173610002,3163201734015015017,2,3163201734015,20.3788,1,3163,0.151273,15.0201,14.824546,15.0685,0.053054,0.044198662,0.04430947,0.0049,276.8507616,-1.0127624,0.722857,15.0523,0.0055,False,True,False,27.5.6,0.0,3.178271304015015e+18,,,t17_f5_c3,ZTF18abcqfbx
ztf,60919.16916669998,3165169164015015003,1,3165169164015,19.9491,1,3165,0.114282,19.2894,19.063684,19.1495,0.176672,0.14315149,0.14350988,0.1938,276.8507361,-1.0127914,0.825714,19.517,0.3481,False,True,False,27.5.6,0.0,3.178271304015015e+18,,,t17_f5_c3,ZTF18abcqfbx
ztf,60919.21049770014,3165210494015015015,2,3165210494015,20.1209,1,3165,0.119601,15.0275,14.830723,15.0804,0.059765,0.049758557,0.049858134,0.0056,276.850761,-1.0127529,0.728571,15.0685,0.0065,False,True,False,27.5.6,0.0,3.178271304015015e+18,,,t17_f5_c3,ZTF18abcqfbx
ztf,60921.16324070003,3167163244015015010,2,3167163244015,19.8006,1,3167,0.157015,15.1254,14.911772,15.1624,0.035512,0.028971074,0.029169159,0.0073,276.8507669,-1.0127645,0.837143,15.1516,0.0089,False,True,False,27.5.6,0.0,3.178271304015015e+18,,,t17_f5_c3,ZTF18abcqfbx
ztf,60923.16605320014,3169166054015015003,1,3169166054015,19.283,1,3169,0.308898,19.2481,19.03002,19.0943,0.25904,0.21167365,0.2119016,0.3272,276.8507888,-1.0128887,0.515714,19.0955,0.4206,False,True,False,27.5.6,0.0,3.178271304015015e+18,,,t17_f5_c3,ZTF18abcqfbx
ztf,60925.14937500004,3171149374015015007,2,3171149374015,19.6182,1,3171,0.20805,15.1528,14.934227,15.2258,0.05621,0.045829695,0.04596046,0.0083,276.8507566,-1.0127764,0.865714,15.2126,0.0101,False,True,False,27.5.6,0.0,3.178271304015015e+18,,,t17_f5_c3,ZTF18abcqfbx
ztf,60925.23402780015,3171234024015015001,1,3171234024015,19.184,1,3171,0.143736,19.7121,19.393473,19.5943,0.424958,0.3165827,0.31688046,0.609,276.8507537,-1.0127875,0.467143,19.0358,0.4681,False,True,False,27.5.6,0.0,3.178271304015015e+18,,,t17_f5_c3,ZTF18abcqfbx
ztf,60927.15185189992,3173151854015015006,1,3173151854015,19.6778,1,3173,0.27925,19.5892,19.300535,19.1665,0.256001,0.19582938,0.19623476,0.2386,276.8506753,-1.012875,0.458571,19.2394,0.3274,False,True,False,27.5.6,0.0,3.178271304015015e+18,,,t17_f5_c3,ZTF18abcqfbx
ztf,60927.19175929995,3173191754015015004,2,3173191754015,19.892,1,3173,0.189877,15.1908,14.965198,15.2445,0.039152,0.031605903,0.0318063,0.0069,276.8507537,-1.0127674,0.884286,15.2351,0.0082,False,True,False,27.5.6,0.0,3.178271304015015e+18,,,t17_f5_c3,ZTF18abcqfbx
ztf,60929.21270829998,3175212704015015008,2,3175212704015,19.8536,1,3175,0.132882,15.2359,15.001692,15.2913,0.032678,0.02607807,0.026337368,0.0075,276.8507587,-1.0127542,0.9,15.2805,0.0089,False,True,False,27.5.6,0.0,3.178271304015015e+18,,,t17_f5_c3,ZTF18abcqfbx
ztf,60932.150868100114,3178150864015015005,1,3178150864015,20.5438,1,3178,0.121937,19.7003,19.384663,19.6725,0.180463,0.13424824,0.13493763,0.1865,276.8507154,-1.012852,0.83,19.5253,0.2085,False,True,False,27.5.6,0.0,3.178271304015015e+18,,,t17_f5_c3,ZTF18abcqfbx
ztf,60932.27130790008,3178271304015015010,2,3178271304015,19.851616,1,3178,0.17099704,15.298141,15.051574,15.3523,0.047166515,0.037385616,0.037584353,0.0077,276.850738,-1.0127596,0.9285714,15.3324,0.0091,True,True,False,27.5.6,0.0,,0.99915713,435120240.0,t17_f5_c3,ZTF18abcqfbx
ztf,60943.192893499974,3189192894015015015,2,3189192894015,20.2775,1,3189,0.224894,15.6148,15.295996,15.6711,0.036045,0.026434995,0.026873434,0.0079,276.8507493,-1.0127787,0.772857,15.6684,0.0094,False,True,False,27.5.7a32.dev1,0.0,3.218151284015015e+18,,,t17_f5_c3,ZTF18abcqfbx
ztf,60948.12674769992,3194126744015015003,1,3194126744015,20.0502,1,3194,0.335871,20.1486,19.701267,20.5125,0.281564,0.18559141,0.18648507,0.6216,276.8507926,-1.0127498,0.71,20.0019,0.499,False,True,False,27.5.7a32.dev1,0.0,3.218151284015015e+18,,,t17_f5_c3,ZTF18abcqfbx
ztf,60948.194837999996,3194194834015015009,2,3194194834015,19.9781,1,3194,0.18147,15.7709,15.410197,15.8153,0.044157,0.031216512,0.031675152,0.0103,276.8507574,-1.0127701,0.904286,15.8047,0.0125,False,True,False,27.5.7a32.dev1,0.0,3.218151284015015e+18,,,t17_f5_c3,ZTF18abcqfbx
ztf,60953.171701400075,3199171704015015006,2,3199171704015,19.591,1,3199,0.193004,15.9096,15.507863,15.9612,0.048034,0.032653753,0.03317827,0.0148,276.8507523,-1.012772,0.935714,15.9382,0.0182,False,True,False,27.5.7a32.dev1,0.0,3.229096154015015e+18,,,t17_f5_c3,ZTF18abcqfbx
ztf,60955.14577550022,3201145774015015005,2,3201145774015,19.1982,1,3201,0.166225,15.9238,15.517652,16.0173,0.045132,0.030475913,0.031047376,0.0178,276.8507548,-1.0127649,0.937143,15.9935,0.0219,False,True,False,27.5.7a32.dev1,0.0,3.229096154015015e+18,,,t17_f5_c3,ZTF18abcqfbx
ztf,60957.205324099865,3203205324015015004,2,3203205324015,19.1548,1,3203,0.255956,15.9588,15.541607,16.0222,0.037096,0.02452287,0.025260953,0.0207,276.8507407,-1.0127834,0.934286,16.0208,0.0261,False,True,False,27.5.7a32.dev1,0.0,3.229096154015015e+18,,,t17_f5_c3,ZTF18abcqfbx
ztf,60967.12537040003,3213125374015015010,2,3213125374015,19.4944,1,3213,0.341721,16.2636,15.739574,16.3679,0.047087,0.028134534,0.02905969,0.0159,276.8507463,-1.0128138,0.728571,16.3184,0.0188,False,True,False,27.5.7a32.dev1,0.0,3.229096154015015e+18,,,t17_f5_c3,ZTF18abcqfbx
ztf,60972.1026157001,3218102614015015003,1,3218102614015,20.047,1,3218,1.36951,20.4577,19.895872,19.8208,0.285107,0.1685264,0.16993238,0.2993,276.8503539,-1.0127633,0.334286,19.9024,0.4136,False,True,False,27.5.7a32.dev1,0.0,3.229096154015015e+18,,,t17_f5_c3,ZTF18abcqfbx
ztf,60972.151284699794,3218151284015015005,2,3218151284015,19.662941,1,3218,0.21285892,16.510563,15.885245,16.6026,0.053447414,0.02887243,0.030046912,0.0222,276.8507325,-1.012768,0.9242857,16.5849,0.0274,True,True,False,27.5.7a32.dev1,0.0,,0.99860746,435120240.0,t17_f5_c3,ZTF18abcqfbx
ztf,60974.10600689985,3220106004015015005,2,3220106004015,19.8737,1,3220,0.21161,16.616,15.943255,16.6887,0.06287,0.03267562,0.03383341,0.0204,276.8507429,-1.0127716,0.924286,16.6631,0.0248,False,True,False,27.5.7a32.dev1,0.0,3.229096154015015e+18,,,t17_f5_c3,ZTF18abcqfbx
ztf,60976.108703699894,3222108704015015004,2,3222108704015,19.7641,1,3222,0.424241,16.7375,16.006947,16.7717,0.057205,0.027665565,0.029188573,0.0243,276.8507046,-1.0128215,0.914286,16.7676,0.0302,False,True,False,27.5.7a32.dev1,0.0,3.229096154015015e+18,,,t17_f5_c3,ZTF18abcqfbx
ztf,60978.12863430008,3224128634015015003,2,3224128634015,19.5862,1,3224,0.214019,16.7654,16.021093,16.9108,0.08114,0.03977825,0.040880125,0.0353,276.8507219,-1.0127579,0.788571,16.9047,0.0444,False,True,False,27.5.7a32.dev1,0.0,3.229096154015015e+18,,,t17_f5_c3,ZTF18abcqfbx
ztf,60981.10124999983,3227101254015015003,2,3227101254015,19.7686,1,3227,0.170092,16.9694,16.119087,17.0605,0.06624,0.02845595,0.030268775,0.0346,276.8507545,-1.012766,0.942857,17.0336,0.0427,False,True,False,27.5.7a32.dev1,0.0,3.229096154015015e+18,,,t17_f5_c3,ZTF18abcqfbx
ztf,60983.09615739994,3229096154015015003,2,3229096154015,19.677324,1,3229,0.22616684,17.0402,16.150867,17.1571,0.06486052,0.02654502,0.028592201,0.0428,276.8507289,-1.0127681,0.9014286,17.0884,0.051,True,True,False,27.5.7a32.dev1,0.0,,0.92646456,435120240.0,t17_f5_c3,ZTF18abcqfbx
ztf,61070.568437499925,3316568434015010006,2,3316568434015,18.894945,-1,3316,0.31766802,17.557615,17.512012,17.743,0.07754849,0.06437401,0.07435879,0.0807,276.8507031,-1.0127807,0.76857144,17.6912,0.0985,True,True,False,27.5.7a32.dev1,0.0,,0.99941266,435120240.0,t17_f5_c3,ZTF18abcqfbx
ztf,61070.573935199995,3316573934015010008,2,3316573934015,18.6764,-1,3316,0.683162,17.6119,17.46239,17.4583,0.096958,0.076638885,0.08448511,0.0944,276.8506659,-1.0128843,0.71,17.3393,0.1086,False,True,False,27.5.7a32.dev1,0.0,3.34154900401501e+18,,,t17_f5_c3,ZTF18abcqfbx
ztf,61070.579432900064,3316579434015010028,2,3316579434015,17.7889,-1,3316,0.7743,17.807,17.316977,17.9804,0.166609,0.1014334,0.1060937,0.308,276.8509339,-1.012863,0.498571,18.23,0.4982,False,True,False,27.5.7a32.dev1,0.0,3.34154900401501e+18,,,t17_f5_c3,ZTF18abcqfbx
ztf,61071.56734950002,3317567344015010008,2,3317567344015,18.794546,-1,3317,0.34513125,17.650515,17.429829,17.4943,0.094591424,0.069051705,0.077192955,0.088,276.8506896,-1.0127762,0.75,17.4716,0.1105,True,True,False,27.5.7a32.dev1,0.0,,0.9999894,435120240.0,t17_f5_c3,ZTF18abcqfbx
ztf,61071.5725579001,3317572554015010007,2,3317572554015,18.466124,-1,3317,0.26556963,17.584238,17.487083,17.7437,0.099322215,0.08321868,0.09082067,0.1491,276.8507157,-1.0127727,0.87,17.5643,0.1622,True,True,False,27.5.7a32.dev1,0.0,,0.99997795,435120240.0,t17_f5_c3,ZTF18abcqfbx
ztf,61071.57814810006,3317578144015010024,2,3317578144015,17.7379,-1,3317,0.202323,17.5139,17.555649,17.466,0.15193,0.15305807,0.15788582,0.2236,276.8508255,-1.0127131,0.51,17.5823,0.3198,False,True,False,27.5.7a32.dev1,0.0,3.34154900401501e+18,,,t17_f5_c3,ZTF18abcqfbx
ztf,61077.56218749983,3323562184015010007,2,3323562184015,19.648396,-1,3323,0.07309191,17.717709,17.377918,17.6567,0.07855666,0.047096834,0.057446916,0.0659,276.8507615,-1.0127395,0.94285715,17.6415,0.0831,True,True,False,27.5.7a32.dev1,0.0,,0.99983567,435120240.0,t17_f5_c3,ZTF18abcqfbx
ztf,61077.56557870004,3323565574015010010,2,3323565574015,19.554218,-1,3323,0.10065154,17.705603,17.386856,17.681,0.083674446,0.052840754,0.062387068,0.0745,276.8507409,-1.0127241,0.9357143,17.6148,0.0898,True,True,False,27.5.7a32.dev1,0.0,,0.9999943,435120240.0,t17_f5_c3,ZTF18abcqfbx
ztf,61077.568958300166,3323568954015010007,2,3323568954015,19.30401,-1,3323,0.16459931,17.689472,17.399042,17.872,0.057551157,0.028545758,0.0440435,0.1127,276.8507249,-1.0127018,0.94142854,17.8011,0.1353,True,True,False,27.5.7a32.dev1,0.0,,0.9998812,435120240.0,t17_f5_c3,ZTF18abcqfbx
ztf,61094.55038189981,3340550384015010008,2,3340550384015,20.201557,-1,3340,0.09855655,18.071442,17.176954,17.9865,0.07193017,0.015769558,0.03155846,0.0583,276.8507398,-1.0127236,0.93142855,17.9841,0.0739,True,True,False,27.5.7a32.dev1,0.0,,0.9933413,435120240.0,t17_f5_c3,ZTF18abcqfbx
ztf,61095.54900459992,3341549004015010005,2,3341549004015,19.196285,-1,3341,0.29814053,18.08224,17.17225,17.8104,0.12920418,0.04880692,0.05588315,0.1152,276.8506983,-1.0127635,0.76,17.9691,0.1706,True,True,False,27.5.7a32.dev1,0.0,,0.9999876,435120240.0,t17_f5_c3,ZTF18abcqfbx
