tid,mjd,candid,fid,pid,diffmaglim,isdiffpos,nid,distnr,magpsf,magpsf_corr,magap,sigmapsf,sigmapsf_corr,sigmapsf_corr_ext,sigmagap,ra,dec,rb,magapbig,sigmagapbig,has_stamp,corrected,dubious,step_id_corr,phase,parent_candid,rbversion,drb,rfid,oid
ztf,58291.45510420017,537455103615010015,1,537455103615,21.0195,-1,537,1.16732,18.0411,16.239035,18.5371,0.217417,0.035366666,0.041349236,0.0564,348.3914608,56.1336388,0.33,18.6661,0.073,False,True,False,bulk_1.0.0,0.0,5.4642869361501504e+17,,,,ZTF18abdehjh
ztf,58292.47135420004,538471353615015031,2,538471353615,20.8476,1,538,0.317891,18.2307,15.514199,18.6757,0.21737,0.00358148,0.01780736,0.0772,348.3920921,56.1337682,0.433333,18.6865,0.088,False,True,False,bulk_1.0.0,0.0,5.6840431361501523e+17,t8_f5_c3,,,ZTF18abdehjh
ztf,58296.36563660018,542365633615015017,2,542365633615,19.600399,1,542,0.26066712,18.464031,15.531537,18.5261,0.14453864,100.0,0.009704791,0.1315,348.3921418,56.1336332,0.37,18.4886,0.1584,False,True,False,bulk_1.0.0,0.0,5.6840431361501523e+17,,0.0,804120236.0,ZTF18abdehjh
ztf,58300.428692100104,546428693615015061,2,546428693615,20.447126,1,546,0.20076764,18.246857,15.515513,18.6568,0.0999349,100.0,0.008075693,0.0941,348.3920372,56.1337419,0.49666667,18.6556,0.1111,False,True,False,bulk_1.0.0,0.0,5.6840431361501523e+17,,0.0,804120236.0,ZTF18abdehjh
ztf,58316.44804400019,562448043615015046,2,562448043615,20.9928,1,562,0.230738,18.3556,15.523909,18.8507,0.231232,100.0,0.017036136,0.0872,348.3919282,56.1336732,0.413333,18.8958,0.1005,False,True,False,bulk_1.0.0,0.0,5.80360973615015e+17,t8_f5_c3,,,ZTF18abdehjh
ztf,58320.386979199946,566386973615015077,2,566386973615,20.859726,1,566,0.710698,18.505157,15.53425,18.5261,0.0841158,100.0,0.005451482,0.0706,348.3917253,56.1335916,0.5933333,18.4628,0.0749,False,True,False,bulk_1.0.0,0.0,5.674669036150151e+17,t8_f5_c3,0.0,804120236.0,ZTF18abdehjh
ztf,58321.46690970007,567466903615015103,2,567466903615,20.969728,1,567,0.14751224,18.46416,15.531546,18.7966,0.12703817,100.0,0.008528803,0.0828,348.3919722,56.1336802,0.49,18.7629,0.0897,False,True,False,bulk_1.0.0,0.0,5.80360973615015e+17,t8_f5_c3,0.0,804120236.0,ZTF18abdehjh
ztf,58322.40431710007,568404313615015204,2,568404313615,20.91909,1,568,0.08506879,17.99552,15.492897,18.7166,0.18374671,0.006590477,0.018330336,0.0789,348.3920529,56.1336609,0.40666667,18.7357,0.0901,False,True,False,bulk_1.0.0,0.0,5.80360973615015e+17,t8_f5_c3,0.0,804120236.0,ZTF18abdehjh
ztf,58330.401435200125,576401433615015019,2,576401433615,20.216295,1,576,0.44815546,18.28142,15.518266,18.5672,0.14970936,100.0,0.011748632,0.1013,348.3918228,56.1336653,0.43,18.471,0.1123,False,True,False,bulk_1.0.0,0.0,6.05304433615015e+17,t8_f5_c3,0.0,804120236.0,ZTF18abdehjh
ztf,58334.360972200055,580360973615015097,2,580360973615,20.62007,1,580,0.3953635,18.262594,15.516776,18.6272,0.15120384,100.0,0.012056902,0.0839,348.3919201,56.133598,0.39333335,18.5493,0.0909,False,True,False,bulk_1.0.0,0.0,6.10305793615015e+17,t8_f5_c3,0.0,804120236.0,ZTF18abdehjh
ztf,58343.36212959979,589362123615015028,2,589362123615,20.9098,1,589,0.278184,18.0402,15.497273,18.6996,0.218539,0.012097454,0.021006731,0.0772,348.3921806,56.1336601,0.376667,18.7699,0.0919,False,True,False,bulk_1.0.0,0.0,6.10305793615015e+17,t12_f5_c3,,,ZTF18abdehjh
ztf,58345.35909719998,591359093615015042,2,591359093615,20.891092,1,591,0.49462387,18.29413,15.519258,18.6994,0.13272019,100.0,0.0103035765,0.0796,348.3919096,56.1338,0.47,18.7123,0.0903,False,True,False,bulk_1.0.0,0.0,6.10305793615015e+17,t8_f5_c3,0.0,804120236.0,ZTF18abdehjh
ztf,58347.4073032001,593407303615015108,2,593407303615,20.9735,1,593,0.398782,18.2657,15.517025,18.7387,0.350977,0.02175502,0.027913144,0.0794,348.3918829,56.1336177,0.383333,18.7539,0.0894,False,True,False,bulk_1.0.0,0.0,6.10305793615015e+17,t12_f5_c3,,,ZTF18abdehjh
ztf,58350.38854169985,596388543615015053,2,596388543615,21.0107,1,596,0.259939,18.1875,15.510595,18.7878,0.27913,0.016130567,0.02371617,0.0816,348.392024,56.1337563,0.333333,18.8357,0.0946,False,True,False,bulk_1.0.0,0.0,6.10305793615015e+17,t12_f5_c3,,,ZTF18abdehjh
ztf,58353.4343634001,599434363615015065,2,599434363615,20.810354,1,599,0.16487966,18.240833,15.515025,18.6095,0.17365116,100.0,0.014104394,0.0749,348.3920054,56.1336434,0.45666668,18.5688,0.0821,False,True,False,bulk_1.0.0,0.0,6.01431313615015e+17,t8_f5_c3,0.0,804120236.0,ZTF18abdehjh
ztf,58354.42554400023,600425543615015029,2,600425543615,20.4858,1,600,0.425058,18.3497,15.523473,18.7475,0.208762,100.0,0.015458241,0.1003,348.3918467,56.13373,0.393333,18.7864,0.1229,False,True,False,bulk_1.0.0,0.0,6.01431313615015e+17,t12_f5_c3,,,ZTF18abdehjh
ztf,58355.4313194002,601431313615015056,2,601431313615,20.329258,1,601,0.2598464,18.265509,15.517009,18.5307,0.17861773,100.0,0.014207725,0.0912,348.3919453,56.1337319,0.45666668,18.5787,0.1142,False,True,False,bulk_1.0.0,0.0,6.113434936150152e+17,t8_f5_c3,0.0,804120236.0,ZTF18abdehjh
ztf,58356.37795139989,602377953615015052,2,602377953615,20.1528,1,602,0.210079,18.4142,15.528119,18.9024,0.22465,100.0,0.015742518,0.1423,348.3919456,56.1336755,0.423333,19.0592,0.2007,False,True,False,bulk_1.0.0,0.0,6.113434936150152e+17,t12_f5_c3,,,ZTF18abdehjh
ztf,58359.30443290016,605304433615015018,2,605304433615,19.773888,1,605,0.1466473,18.132877,15.505845,18.2629,0.10795929,100.0,0.009603887,0.0989,348.3920269,56.133725,0.7133333,18.2314,0.119,False,True,False,bulk_1.0.0,0.0,6.113434936150152e+17,t8_f5_c3,0.0,804120236.0,ZTF18abdehjh
ztf,58364.30579859996,610305793615015053,2,610305793615,20.747751,1,610,0.45021492,18.0137,15.494697,18.6127,0.1570779,100.0,0.015435248,0.077,348.3920654,56.1338098,0.43,18.5438,0.0824,False,True,False,bulk_1.0.0,0.0,6.113434936150152e+17,t8_f5_c3,0.0,804120236.0,ZTF18abdehjh
ztf,58365.34349540016,611343493615015112,2,611343493615,20.875786,1,611,0.35462555,18.17283,15.50934,18.5509,0.13480432,100.0,0.011595985,0.0689,348.3919071,56.1337481,0.45,18.5182,0.0754,False,True,False,bulk_1.0.0,0.0,6.20326453615015e+17,t8_f5_c3,0.0,804120236.0,ZTF18abdehjh
ztf,58366.33356480021,612333563615015046,2,612333563615,20.94661,1,612,0.67679274,17.962946,15.489603,18.5718,0.17852457,0.00662976,0.018296195,0.0678,348.3920127,56.1338727,0.39666668,18.5898,0.077,False,True,False,bulk_1.0.0,0.0,6.20326453615015e+17,t8_f5_c3,0.0,804120236.0,ZTF18abdehjh
ztf,58367.33366899984,613333663615015045,2,613333663615,20.893597,1,613,0.047940254,18.296394,15.519433,18.8097,0.11530164,100.0,0.008934106,0.0859,348.3920557,56.1336729,0.57666665,18.8599,0.1009,False,True,False,bulk_1.0.0,0.0,6.20326453615015e+17,t8_f5_c3,0.0,804120236.0,ZTF18abdehjh
ztf,58371.30821759999,617308213615015029,2,617308213615,20.9647,1,617,0.349568,18.0369,15.496956,18.4891,0.247243,0.016527718,0.023831226,0.0628,348.3920111,56.1337793,0.416667,18.5415,0.0734,False,True,False,bulk_1.0.0,0.0,6.20326453615015e+17,t12_f5_c3,,,ZTF18abdehjh
ztf,58372.28236109996,618282363615015025,1,618282363615,20.888245,1,618,0.51565635,19.281187,15.995999,19.2321,0.19691819,100.0,0.009554565,0.1136,348.39191,56.1338149,0.5233333,19.1943,0.1269,False,True,False,bulk_1.0.0,0.0,6.20326453615015e+17,t8_f5_c3,0.0,804120136.0,ZTF18abdehjh
ztf,58372.36415510019,618364153615015024,2,618364153615,20.749685,1,618,0.093971305,18.51751,15.535047,18.8995,0.14878586,100.0,0.009540615,0.0962,348.3920261,56.1336591,0.49666667,18.8647,0.1065,False,True,False,bulk_1.0.0,0.0,6.20326453615015e+17,t8_f5_c3,0.0,804120236.0,ZTF18abdehjh
ztf,58374.3264583,620326453615015047,2,620326453615,20.80354,1,620,0.3602846,18.203619,15.511954,18.6944,0.1570777,100.0,0.013165845,0.0795,348.3919364,56.1337649,0.57,18.6683,0.0882,False,True,False,bulk_1.0.0,0.0,6.28346363615015e+17,t8_f5_c3,0.0,804120236.0,ZTF18abdehjh
ztf,58377.2899536998,623289953615015031,2,623289953615,20.8277,1,623,0.264383,18.1048,15.503319,18.6492,0.233173,0.012359532,0.021236645,0.0769,348.3919152,56.1337017,0.37,18.6029,0.0834,False,True,False,bulk_1.0.0,0.0,6.28346363615015e+17,t12_f5_c3,,,ZTF18abdehjh
ztf,58379.3014814998,625301483615015052,2,625301483615,20.772968,1,625,0.31946233,18.296247,15.519422,18.7207,0.16136335,100.0,0.012504742,0.0833,348.3918926,56.1336515,0.58666664,18.7434,0.0972,False,True,False,bulk_1.0.0,0.0,6.28346363615015e+17,t8_f5_c3,0.0,804120236.0,ZTF18abdehjh
ztf,58382.34636570001,628346363615015064,2,628346363615,20.519964,1,628,0.35612628,18.48215,15.532743,18.6852,0.15273392,100.0,0.010096559,0.0928,348.3919938,56.1335903,0.47,18.6805,0.1088,False,True,False,bulk_1.0.0,0.0,6.29303933615015e+17,t8_f5_c3,0.0,804120236.0,ZTF18abdehjh
ztf,58383.303935199976,629303933615015097,2,629303933615,20.39607,1,629,0.48503357,18.022367,15.495545,18.2001,0.11201102,100.0,0.01092778,0.0651,348.3920006,56.1338184,0.40666667,18.2384,0.0801,True,True,False,bulk_1.0.0,0.0,0.0,t8_f5_c3,0.0,804120236.0,ZTF18abdehjh
ztf,58434.20565970009,680205653615015161,2,680205653615,19.966612,1,680,0.08910246,18.460884,15.531325,18.6352,0.11197559,100.0,0.007538758,0.1023,348.3920581,56.1336621,0.6566667,18.6852,0.1294,False,True,False,bulk_1.0.0,0.0,6.811925836150152e+17,t8_f5_c3,0.0,804120236.0,ZTF18abdehjh
ztf,58435.19258099981,681192583615015143,1,681192583615,20.213581,1,681,0.641743,19.492607,16.005362,19.5604,0.1615128,100.0,0.006505918,0.18,348.3917173,56.1336944,0.6566667,19.4863,0.2021,False,True,False,bulk_1.0.0,0.0,6.812613036150153e+17,t8_f5_c3,0.0,804120136.0,ZTF18abdehjh
ztf,58435.26130789984,681261303615015322,2,681261303615,19.72582,1,681,0.51733905,18.198702,15.511541,18.4097,0.1497686,100.0,0.012605401,0.0826,348.3918009,56.1337344,0.60333335,18.4188,0.1008,False,True,False,bulk_1.0.0,0.0,7.03115043615015e+17,t8_f5_c3,0.0,804120236.0,ZTF18abdehjh
ztf,58456.1339699002,702133963615015040,2,702133963615,20.137676,1,702,0.0765346,18.466278,15.531688,18.5308,0.1260521,100.0,0.008447221,0.0886,348.3920604,56.133704,0.64666665,18.4844,0.1019,False,True,False,bulk_1.0.0,0.0,7.03115043615015e+17,t8_f5_c3,0.0,804120236.0,ZTF18abdehjh
ztf,58457.115046299994,703115043615015068,1,703115043615,20.196798,1,703,0.28701028,19.365927,15.999962,19.662,0.14983778,100.0,0.0067489394,0.1926,348.3919669,56.1336221,0.59,19.9551,0.3021,False,True,False,bulk_1.0.0,0.0,7.03157803615015e+17,t8_f5_c3,0.0,804120136.0,ZTF18abdehjh
ztf,58457.15780089982,703157803615015068,2,703157803615,19.775383,1,703,0.42728633,18.280176,15.518168,18.5805,0.14068036,100.0,0.011051729,0.096,348.3918319,56.133674,0.6066667,18.6764,0.1267,True,True,False,bulk_1.0.0,0.0,0.0,t8_f5_c3,0.0,804120236.0,ZTF18abdehjh
ztf,58490.1353356,736135333615015042,2,736135333615,19.909363,1,736,0.46581605,18.788118,15.550515,19.3502,0.16021092,100.0,0.00812177,0.2072,348.3918728,56.1337738,0.58666664,19.1972,0.2193,True,True,False,bulk_1.0.0,0.0,0.0,t8_f5_c3,0.0,804120236.0,ZTF18abdehjh
ztf,58636.426400499884,882426403615015016,2,882426403615,20.777342,1,882,0.6695861,18.62858,15.541838,18.8552,0.13586965,100.0,0.007914535,0.098,348.3919592,56.1338665,0.55,18.8367,0.109,False,True,False,bulk_1.0.0,0.0,8.84474433615015e+17,t17_f5_c3,0.0,804120236.0,ZTF18abdehjh
ztf,58637.430439800024,883430433615015021,2,883430433615,20.9687,1,883,0.646802,18.81,15.551615,19.0616,0.327104,100.0,0.01626791,0.1107,348.3918566,56.1335379,0.4,19.0363,0.1199,False,True,False,bulk_1.0.0,0.0,8.84474433615015e+17,t17_f5_c3,,,ZTF18abdehjh
ztf,58638.47443290008,884474433615015014,2,884474433615,20.318342,1,884,0.8549511,18.411827,15.527952,18.5106,0.13864425,100.0,0.009735355,0.0842,348.3917083,56.1338311,0.6028572,18.4151,0.0911,False,True,False,bulk_1.0.0,0.0,9.03427523615015e+17,t17_f5_c3,0.0,804120236.0,ZTF18abdehjh
ztf,58643.46888889978,889468883615015021,2,889468883615,20.7369,1,889,0.429018,18.6095,15.540718,19.1212,0.259363,100.0,0.015360124,0.124,348.3918676,56.1336137,0.351429,19.17,0.1483,False,True,False,bulk_1.0.0,0.0,9.18474233615015e+17,t17_f5_c3,,,ZTF18abdehjh
ztf,58657.42752309982,903427523615015053,2,903427523615,20.312807,1,903,0.20532493,18.523785,15.535447,18.4215,0.12184763,100.0,0.0077710953,0.0795,348.3920768,56.1337387,0.7114286,18.3954,0.0922,False,True,False,bulk_1.0.0,0.0,9.18474233615015e+17,t17_f5_c3,0.78545386,804120236.0,ZTF18abdehjh
ztf,58663.434756900184,909434753615015023,2,909434753615,20.2746,1,909,0.638666,19.0306,15.561588,19.1725,0.285672,100.0,0.011702084,0.1787,348.3918253,56.1335547,0.432857,18.8643,0.1598,False,True,False,bulk_1.0.0,0.0,9.18474233615015e+17,t17_f5_c3,,,ZTF18abdehjh
ztf,58672.47423609998,918474233615015018,2,918474233615,20.96378,1,918,0.598916,18.677094,15.544604,18.8995,0.16854216,100.0,0.009412674,0.0932,348.3920208,56.1335154,0.58428574,18.8671,0.1006,False,True,False,bulk_1.0.0,0.0,9.323793436150152e+17,t17_f5_c3,0.82055634,804120236.0,ZTF18abdehjh
ztf,58683.422847200185,929422843615015016,2,929422843615,20.2446,1,929,0.261524,18.7181,15.546855,18.7069,0.187055,100.0,0.010080257,0.1097,348.3920175,56.1336106,0.432857,18.7035,0.1315,False,True,False,bulk_1.0.0,0.0,9.323793436150152e+17,t17_f5_c3,,,ZTF18abdehjh
ztf,58686.37934029987,932379343615015152,2,932379343615,17.922462,1,932,0.3789379,17.018896,15.345422,17.2353,0.13436978,0.02458937,0.02876815,0.1672,348.3922153,56.1336345,0.42714286,17.1906,0.2047,True,True,False,bulk_1.0.0,0.0,0.0,t17_f5_c3,0.72440296,804120236.0,ZTF18abdehjh
ztf,58686.37934029987,932379343615015160,2,932379343615,17.922462,1,932,0.31367433,17.378798,15.413071,17.2604,0.08271336,100.0,0.013529599,0.1707,348.3921953,56.1336544,0.42857143,17.1574,0.1985,True,True,False,bulk_1.0.0,0.0,0.0,t17_f5_c3,0.72440296,804120236.0,ZTF18abdehjh
ztf,58726.316111099906,972316113615015055,2,972316113615,20.69322,1,972,0.35738632,18.330572,15.522043,18.5714,0.09511371,100.0,0.0071586594,0.0765,348.3922208,56.1337103,0.75142854,18.6534,0.0943,False,True,False,bulk_1.0.0,0.0,1.000167543615015e+18,t17_f5_c3,0.80151594,804120236.0,ZTF18abdehjh
ztf,58736.42534720013,982425343615015026,2,982425343615,20.7172,1,982,0.321856,18.7422,15.548141,18.9191,0.179732,100.0,0.009484212,0.104,348.3919467,56.1336111,0.528571,18.9334,0.1205,False,True,False,bulk_1.0.0,0.0,1.0052321136150152e+18,t17_f5_c3,,,ZTF18abdehjh
ztf,58738.16975690005,984169753615015064,2,984169753615,19.7635,1,984,0.509031,18.5603,15.537741,18.8535,0.19881,100.0,0.012286106,0.1733,348.391872,56.1337897,0.377143,18.8477,0.214,False,True,False,bulk_1.0.0,0.0,1.000167543615015e+18,t17_f5_c3,,,ZTF18abdehjh
ztf,58739.22836809978,985228363615015030,2,985228363615,20.0582,1,985,0.63047,18.5074,15.534396,18.8099,0.226017,100.0,0.014619729,0.1434,348.3919193,56.1335211,0.447143,18.927,0.1955,False,True,False,bulk_1.0.0,0.0,1.0052321136150152e+18,t17_f5_c3,,,ZTF18abdehjh
ztf,58743.36570600001,989365703615015012,2,989365703615,19.7623,1,989,0.720209,18.7131,15.546585,18.798,0.230084,100.0,0.012453183,0.1637,348.3917885,56.1335393,0.492857,18.7441,0.1933,False,True,False,bulk_1.0.0,0.0,1.0052321136150152e+18,t17_f5_c3,,,ZTF18abdehjh
ztf,58744.16932869982,990169323615015044,2,990169323615,20.5962,1,990,0.575484,18.7215,15.547038,18.9811,0.308017,100.0,0.016549688,0.1199,348.3919114,56.1335384,0.408571,19.0001,0.1418,False,True,False,bulk_1.0.0,0.0,1.020150673615015e+18,t17_f5_c3,,,ZTF18abdehjh
ztf,58745.22896989994,991228963615015032,2,991228963615,20.5735,1,991,0.662804,18.7942,15.550823,18.5159,0.315316,100.0,0.015899919,0.0795,348.3918068,56.133553,0.414286,18.4185,0.0848,False,True,False,bulk_1.0.0,0.0,1.0052321136150152e+18,t17_f5_c3,,,ZTF18abdehjh
ztf,58745.346238399856,991346233615015048,2,991346233615,20.3397,1,991,0.483472,18.5187,15.535124,18.8793,0.236882,100.0,0.015174052,0.1229,348.3919098,56.1335706,0.452857,18.849,0.1426,False,True,False,bulk_1.0.0,0.0,1.0052321136150152e+18,t17_f5_c3,,,ZTF18abdehjh
ztf,58746.19388889987,992193883615015016,2,992193883615,20.044958,1,992,0.5524019,18.14465,15.506887,18.2777,0.12486172,100.0,0.010998268,0.0733,348.3921213,56.1338342,0.74857146,18.245,0.0849,False,True,False,bulk_1.0.0,0.0,1.020150673615015e+18,t17_f5_c3,0.9994898,804120236.0,ZTF18abdehjh
ztf,58746.22329859994,992223293615015013,2,992223293615,20.3326,1,992,0.120694,18.4798,15.532589,18.8453,0.143389,100.0,0.009497993,0.1135,348.3919984,56.1337054,0.66,18.8963,0.1407,False,True,False,bulk_1.0.0,0.0,1.0052321136150152e+18,t17_f5_c3,,,ZTF18abdehjh
ztf,58746.23298610002,992232983615015019,2,992232983615,19.9506,1,992,0.348458,18.5457,15.536833,18.4922,0.14719,100.0,0.009211523,0.096,348.3918823,56.1337231,0.762857,18.398,0.1064,False,True,False,bulk_1.0.0,0.0,1.0052321136150152e+18,t17_f5_c3,,,ZTF18abdehjh
ztf,58747.16932869982,993169323615015130,2,993169323615,20.6568,1,993,0.346023,18.459,15.531199,18.7115,0.231897,100.0,0.015637774,0.091,348.3918772,56.1337072,0.324286,18.6579,0.0996,False,True,False,bulk_1.0.0,0.0,1.020150673615015e+18,t17_f5_c3,,,ZTF18abdehjh
ztf,58750.17025459977,996170253615015033,2,996170253615,19.905832,1,996,0.6738749,18.234468,15.514507,18.63,0.123576865,100.0,0.010091426,0.1111,348.3923806,56.1336492,0.6414286,18.6608,0.1384,False,True,False,bulk_1.0.0,0.0,1.020150673615015e+18,t17_f5_c3,0.9524619,804120236.0,ZTF18abdehjh
ztf,58751.21881939983,997218813615015091,2,997218813615,20.6491,1,997,0.401843,18.3993,15.527068,18.6333,0.205078,100.0,0.014555483,0.084,348.3918802,56.1337501,0.354286,18.6132,0.0945,False,True,False,bulk_1.0.0,0.0,1.0052321136150152e+18,t17_f5_c3,,,ZTF18abdehjh
ztf,58754.16754630022,1000167543615015030,2,1000167543615,20.563183,1,1000,0.52280635,18.675985,15.544542,18.8351,0.20785703,100.0,0.011619506,0.1012,348.3919106,56.1335581,0.48142856,18.8862,0.1225,False,True,False,bulk_1.0.0,0.0,1.020150673615015e+18,t17_f5_c3,0.82977617,804120236.0,ZTF18abdehjh
ztf,58758.176643500105,1004176643615015029,2,1004176643615,20.5314,1,1004,0.491008,18.6154,15.541066,18.842,0.140826,100.0,0.0082975365,0.1051,348.3920378,56.1338208,0.522857,18.8744,0.1258,False,True,False,bulk_1.0.0,0.0,1.020150673615015e+18,t17_f5_c3,,,ZTF18abdehjh
ztf,58759.23211809993,1005232113615015109,2,1005232113615,20.859426,1,1005,0.74652076,18.58273,15.539113,18.8523,0.1995395,100.0,0.012094342,0.0939,348.3919507,56.1338873,0.3857143,18.9074,0.1112,True,True,False,bulk_1.0.0,0.0,0.0,t17_f5_c3,0.6037983,804120236.0,ZTF18abdehjh
ztf,58761.16810189979,1007168103615015026,2,1007168103615,20.2537,1,1007,0.32209,18.8784,15.554916,18.9259,0.23084,100.0,0.010812278,0.13,348.3918851,56.1336703,0.487143,18.9103,0.1531,False,True,False,bulk_1.0.0,0.0,1.020150673615015e+18,t17_f5_c3,,,ZTF18abdehjh
ztf,58770.151215299964,1016151213615015014,2,1016151213615,19.6833,1,1016,0.48739,18.4774,15.532431,18.7273,0.225688,100.0,0.014980303,0.1691,348.391864,56.1335949,0.437143,18.5094,0.1728,False,True,False,bulk_1.0.0,0.0,1.020150673615015e+18,t17_f5_c3,,,ZTF18abdehjh
ztf,58774.15067130001,1020150673615015015,2,1020150673615,20.283485,1,1020,0.4721869,18.703592,15.546067,18.892,0.14057085,100.0,0.0076715904,0.1224,348.392096,56.1338126,0.5914286,18.7551,0.1285,False,True,False,bulk_1.0.0,0.0,1.031149903615015e+18,t17_f5_c3,0.7999126,804120236.0,ZTF18abdehjh
ztf,58777.15004630014,1023150043615015025,2,1023150043615,20.229195,1,1023,0.30867615,18.34762,15.523317,18.6392,0.13571188,100.0,0.010066925,0.0993,348.3920524,56.1335978,0.67714286,18.6633,0.1211,False,True,False,bulk_1.0.0,0.0,1.031149903615015e+18,t17_f5_c3,0.9689772,804120236.0,ZTF18abdehjh
ztf,58782.14905089978,1028149053615015020,2,1028149053615,20.5597,1,1028,0.546795,18.6735,15.544405,18.9672,0.377246,0.011179037,0.02113423,0.118,348.391873,56.1335648,0.402857,18.9852,0.1405,False,True,False,bulk_1.0.0,0.0,1.031149903615015e+18,t17_f5_c3,,,ZTF18abdehjh
ztf,58785.1499073999,1031149903615015004,2,1031149903615,20.626919,1,1031,0.85056835,18.901058,15.555966,18.8833,0.21357964,100.0,0.009806702,0.1061,348.3919014,56.1334574,0.41714287,18.8335,0.1179,False,True,False,bulk_1.0.0,0.0,1.057135653615015e+18,t17_f5_c3,0.16362348,804120236.0,ZTF18abdehjh
ztf,58811.135659699794,1057135653615015032,2,1057135653615,19.819382,1,1057,0.26415125,18.311796,15.520619,18.3189,0.13717572,100.0,0.010490746,0.0924,348.3919795,56.1337462,0.75714284,18.352,0.1163,False,True,False,bulk_1.0.0,0.0,1.065163133615015e+18,t17_f5_c3,0.9930923,804120236.0,ZTF18abdehjh
ztf,58819.11098380014,1065110983615015028,2,1065110983615,19.7102,1,1065,0.295369,18.3133,15.520735,18.7162,0.21136,100.0,0.016143475,0.1736,348.3919044,56.1337118,0.418571,18.8924,0.2518,False,True,False,bulk_1.0.0,0.0,1.065163133615015e+18,t17_f5_c3,,,ZTF18abdehjh
ztf,58819.16313660005,1065163133615015017,2,1065163133615,19.728676,1,1065,0.1514347,18.25606,15.516254,18.5226,0.14684997,100.0,0.011774748,0.138,348.391972,56.1336964,0.48857144,18.4214,0.1554,False,True,False,bulk_1.0.0,0.0,1.079091383615015e+18,t17_f5_c3,0.69066095,804120236.0,ZTF18abdehjh
ztf,58833.09138889983,1079091383615015014,2,1079091383615,20.214338,1,1079,0.2986181,18.506657,15.534347,18.6743,0.17125826,100.0,0.011084795,0.0991,348.3919342,56.1337399,0.5914286,18.686,0.1203,True,True,False,bulk_1.0.0,0.0,0.0,t17_f5_c3,0.9896123,804120236.0,ZTF18abdehjh
ztf,58878.13802079996,1124138023615015007,2,1124138023615,18.97736,1,1124,0.76097125,18.047926,15.498013,18.5418,0.19486429,0.007143385,0.01861088,0.1247,348.3922179,56.1338747,0.55285716,18.4656,0.1452,True,True,False,bulk_1.0.0,0.0,0.0,t17_f5_c3,0.91267204,804120236.0,ZTF18abdehjh
ztf,58996.478148099966,1242478143615015013,2,1242478143615,20.6666,1,1242,0.577204,18.8503,15.553583,19.3519,0.411429,0.00793514,0.019751878,0.1566,348.3919153,56.1335381,0.377143,19.2466,0.1656,False,True,False,bulk_1.0.0,0.0,1.2484483236150152e+18,t17_f5_c3,,,ZTF18abdehjh
ztf,59002.44832180021,1248448323615015192,1,1248448323615,18.806734,1,1248,0.44139746,18.085375,15.895043,17.9566,0.14277415,0.010819521,0.018989643,0.1793,348.3920621,56.1335651,0.55285716,17.8627,0.2076,True,True,False,bulk_1.0.0,0.0,0.0,t17_f5_c3,0.9996996,804120136.0,ZTF18abdehjh
ztf,59034.38600690011,1280386003615015014,2,1280386003615,20.120796,1,1280,0.6516148,18.53257,15.536006,18.5991,0.16637169,100.0,0.010530615,0.1086,348.3918435,56.1335386,0.5485714,18.6083,0.1342,False,True,False,bulk_1.0.0,0.0,1.297407593615015e+18,t17_f5_c3,0.84031916,804120236.0,ZTF18abdehjh
ztf,59039.44444439979,1285444443615015014,2,1285444443615,20.01744,1,1285,0.71248907,18.505331,15.534261,18.5145,0.11863843,100.0,0.007687718,0.0938,348.3920603,56.1338843,0.6085714,18.566,0.1197,False,True,False,bulk_1.0.0,0.0,1.311360113615015e+18,t17_f5_c3,0.9816061,804120236.0,ZTF18abdehjh
ztf,59040.3952314998,1286395233615015015,2,1286395233615,20.5405,1,1286,0.530692,18.6589,15.543581,18.7763,0.304527,100.0,0.017278206,0.0971,348.3919604,56.1335415,0.448571,18.835,0.1208,False,True,False,bulk_1.0.0,0.0,1.311360113615015e+18,t17_f5_c3,,,ZTF18abdehjh
ztf,59051.40759260021,1297407593615015018,2,1297407593615,20.937155,1,1297,0.34293923,18.324497,15.521585,18.5527,0.17256424,100.0,0.013055273,0.0661,348.3918781,56.1337118,0.45285714,18.5628,0.0749,False,True,False,bulk_1.0.0,0.0,1.317343883615015e+18,t17_f5_c3,0.7368646,804120236.0,ZTF18abdehjh
ztf,59065.360115699936,1311360113615015011,2,1311360113615,19.836084,1,1311,0.6746955,18.627169,15.541755,18.6707,0.1855552,100.0,0.010822005,0.1392,348.3918604,56.1335251,0.4542857,18.7398,0.1843,False,True,False,bulk_1.0.0,0.0,1.3313258536150152e+18,t17_f5_c3,0.73182464,804120236.0,ZTF18abdehjh
ztf,59071.34388889978,1317343883615015019,2,1317343883615,20.647572,1,1317,0.44420907,18.68392,15.544985,18.9927,0.16921617,100.0,0.009394373,0.1118,348.3919341,56.1335753,0.55,18.9575,0.1264,False,True,False,bulk_1.0.0,0.0,1.3313258536150152e+18,t17_f5_c3,0.79519475,804120236.0,ZTF18abdehjh
ztf,59081.390393500216,1327390393615015026,2,1327390393615,20.7675,1,1327,0.639117,18.4594,15.531226,18.6872,0.272287,0.0047896565,0.018355124,0.0829,348.3919324,56.1335163,0.425714,18.6529,0.0916,False,True,False,bulk_1.0.0,0.0,1.3313258536150152e+18,t17_f5_c3,,,ZTF18abdehjh
ztf,59085.32585649984,1331325853615015042,2,1331325853615,20.91034,1,1331,0.7249893,18.931746,15.557356,18.9612,0.18184552,100.0,0.008127311,0.0973,348.3918867,56.1334983,0.46571428,19.0792,0.1224,True,True,False,bulk_1.0.0,0.0,0.0,t17_f5_c3,0.60463125,804120236.0,ZTF18abdehjh
ztf,59115.36777780019,1361367773615015022,2,1361367773615,20.7696,1,1361,0.536726,18.4583,15.531152,18.6358,0.224986,100.0,0.015180862,0.0766,348.3919864,56.133536,0.458571,18.6049,0.0853,False,True,False,bulk_1.0.0,0.0,1.384291333615015e+18,t17_f5_c3,,,ZTF18abdehjh
ztf,59125.31179400021,1371311793615015020,2,1371311793615,20.144,1,1371,0.520577,18.5482,15.536989,18.9771,0.395029,0.017065141,0.024668597,0.152,348.3919426,56.1335493,0.387143,18.972,0.1853,False,True,False,bulk_1.0.0,0.0,1.384291333615015e+18,t17_f5_c3,,,ZTF18abdehjh
ztf,59131.241192100104,1377241193615015026,2,1377241193615,20.8389,1,1377,0.101772,18.3098,15.520467,18.6733,0.196965,100.0,0.015088852,0.0764,348.391999,56.1336969,0.38,18.6573,0.0855,False,True,False,bulk_1.0.0,0.0,1.384291333615015e+18,t17_f5_c3,,,ZTF18abdehjh
ztf,59138.29133100016,1384291333615015019,2,1384291333615,20.575584,1,1384,0.4799226,18.713718,15.5466175,18.6264,0.13901487,100.0,0.007520055,0.0822,348.3920825,56.133551,0.7557143,18.5714,0.0912,False,True,False,bulk_1.0.0,0.0,1.410180323615015e+18,t17_f5_c3,0.8442261,804120236.0,ZTF18abdehjh
ztf,59164.18032409996,1410180323615015018,2,1410180323615,20.372673,1,1410,0.3395817,18.361055,15.524308,18.66,0.16371046,100.0,0.012005427,0.0898,348.3920269,56.1337779,0.5857143,18.6793,0.1088,True,True,False,bulk_1.0.0,0.0,0.0,t17_f5_c3,0.9031391,804120236.0,ZTF18abdehjh
ztf,59195.11715279985,1441117153615015017,2,1441117153615,19.7314,1,1441,0.351704,18.5334,15.536059,18.7342,0.165812,100.0,0.010487688,0.1668,348.3918988,56.1337398,0.467143,19.2098,0.3191,False,True,False,bulk_1.0.0,0.0,1.469116973615015e+18,t17_f5_c3,,,ZTF18abdehjh
ztf,59199.1183449002,1445118343615015026,2,1445118343615,20.35975,1,1445,0.21877892,18.615753,15.541086,18.7762,0.16404946,100.0,0.00966291,0.1019,348.3919367,56.1336917,0.5157143,18.8064,0.125,False,True,False,bulk_1.0.0,0.0,1.475117663615015e+18,t17_f5_c3,0.74516726,804120236.0,ZTF18abdehjh
ztf,59223.11697919993,1469116973615015024,2,1469116973615,20.38398,1,1469,0.13875367,18.639734,15.542484,18.8754,0.15575439,100.0,0.008985457,0.1139,348.3920023,56.1337134,0.55142856,18.9057,0.1398,False,True,False,bulk_1.0.0,0.0,1.475117663615015e+18,t17_f5_c3,0.68617225,804120236.0,ZTF18abdehjh
ztf,59229.117662000004,1475117663615015018,2,1475117663615,19.799595,1,1475,0.6547849,18.61386,15.540975,18.8497,0.16189596,100.0,0.009551731,0.1384,348.3918939,56.1338479,0.55714285,18.9098,0.1797,False,True,False,bulk_1.0.0,0.0,1.477154783615015e+18,t17_f5_c3,0.9955853,804120236.0,ZTF18abdehjh
ztf,59231.1547801001,1477154783615015035,2,1477154783615,19.734829,1,1477,0.19242854,18.663483,15.54384,18.7783,0.108674094,100.0,0.0061414223,0.1357,348.3920472,56.1337386,0.7271429,18.6024,0.1423,True,True,False,bulk_1.0.0,0.0,0.0,t17_f5_c3,0.9988642,804120236.0,ZTF18abdehjh
ztf,59402.43230320001,1648432303615015024,2,1648432303615,20.651697,1,1648,0.185133,18.58982,15.539541,18.7901,0.12253727,100.0,0.0073816995,0.0909,348.3921058,56.1337232,0.68714285,18.835,0.1097,True,True,False,correction_0.0.1,0.0,,t17_f5_c3,0.8533127,804120236.0,ZTF18abdehjh
ztf,59422.40357640013,1668403573615015011,2,1668403573615,20.395672,1,1668,0.51211053,18.81543,15.551883,18.9888,0.17536566,100.0,0.008680121,0.1307,348.3920545,56.13354,0.6028572,19.0797,0.17,True,True,False,correction_1.0.6,0.0,,t17_f5_c3,0.7600914,804120236.0,ZTF18abdehjh
ztf,59428.37174770003,1674371743615015023,2,1674371743615,20.642408,1,1674,0.556663,18.706236,15.546212,19.0209,0.18205038,100.0,0.00991247,0.1145,348.3918894,56.1335535,0.41714287,18.9816,0.1284,True,True,False,correction_1.0.6,0.0,,t17_f5_c3,0.57191783,804120236.0,ZTF18abdehjh
ztf,59707.4253934999,1953425393615015016,2,1953425393615,19.697876,1,1953,0.6002678,18.60738,15.540591,18.5468,0.13718434,100.0,0.0081393365,0.0952,348.3923478,56.1337032,0.69285715,18.5163,0.1124,True,True,False,correction_1.0.6,0.0,,t17_f5_c3,0.8881644,804120236.0,ZTF18abdehjh
ztf,59739.455972199794,1985455973615015013,2,1985455973615,20.840315,1,1985,0.528323,18.796345,15.55093,18.9185,0.17585178,100.0,0.008850768,0.095,348.3919081,56.1335562,0.3942857,18.8718,0.1035,True,True,False,1.1.2,0.0,,t17_f5_c3,0.72287786,804120236.0,ZTF18abdehjh
ztf,59742.41091440013,1988410913615015011,2,1988410913615,19.725014,1,1988,0.6983926,18.50672,15.534351,18.814,0.15098706,100.0,0.009772199,0.162,348.3918827,56.1335103,0.50857145,18.9599,0.2306,True,True,False,1.1.2,0.0,,t17_f5_c3,0.8201672,804120236.0,ZTF18abdehjh
ztf,59856.22881940007,2102228813615015018,2,2102228813615,20.5143,1,2102,0.5367,18.8609,15.5540905,19.2849,0.322238,100.0,0.015326834,0.1588,348.3918725,56.1335694,0.394286,19.3696,0.2028,False,True,False,1.1.6,0.0,2.115181483615015e+18,t17_f5_c3,,,ZTF18abdehjh
ztf,59869.181481500156,2115181483615015021,2,2115181483615,20.809362,1,2115,0.33660668,18.60616,15.540519,18.9119,0.10402684,100.0,0.0061785867,0.0974,348.3921064,56.1337727,0.6528571,18.8914,0.1092,True,True,False,1.1.6,0.0,,t17_f5_c3,0.7920816,804120236.0,ZTF18abdehjh
ztf,59881.24533559987,2127245333615015032,2,2127245333615,20.46296,1,2127,0.23305003,18.634247,15.542167,19.2007,0.15864602,100.0,0.009195961,0.1435,348.3919467,56.1337224,0.46,19.2192,0.1725,True,True,False,1.1.6,0.0,,t17_f5_c3,0.839002,804120236.0,ZTF18abdehjh
ztf,59902.162245399784,2148162243615015025,2,2148162243615,20.14727,1,2148,0.35340106,18.318487,15.52113,18.6878,0.14332712,100.0,0.010898964,0.1042,348.3918687,56.1336928,0.5385714,18.7059,0.1283,True,True,False,1.1.6,0.0,,t17_f5_c3,0.9263737,804120236.0,ZTF18abdehjh
ztf,59958.14385419991,2204143853615015032,2,2204143853615,20.380785,1,2204,0.38112256,18.548433,15.537003,18.9095,0.15813094,100.0,0.009872899,0.1195,348.392002,56.1337875,0.51857144,18.9163,0.144,True,True,False,1.1.6,0.0,,t17_f5_c3,0.53862953,804120236.0,ZTF18abdehjh
ztf,60108.45113429986,2354451133615015021,2,2354451133615,20.542044,1,2354,0.21815924,18.480915,15.532662,18.9837,0.15782772,100.0,0.010444368,0.1145,348.391956,56.1336494,0.4342857,19.2012,0.1634,True,True,False,1.2.0,0.0,,t17_f5_c3,0.7826164,804120236.0,ZTF18abdehjh
ztf,60110.410196799785,2356410193615015023,1,2356410193615,20.7036,1,2356,0.955068,19.2593,15.9949255,19.513,0.210748,100.0,0.010423502,0.1649,348.3918541,56.1334451,0.455714,19.4788,0.1887,False,True,False,1.2.0,0.0,2.362452313615015e+18,t17_f5_c3,,,ZTF18abdehjh
ztf,60116.45231480012,2362452313615015030,2,2362452313615,20.313526,1,2362,0.19810762,18.404783,15.527456,18.7086,0.17664059,100.0,0.012478418,0.099,348.391979,56.1336405,0.53571427,18.8223,0.1312,True,True,False,1.2.0,0.0,,t17_f5_c3,0.91844285,804120236.0,ZTF18abdehjh
ztf,60121.45277780015,2367452773615015020,2,2367452773615,20.644747,1,2367,0.1882088,18.73767,15.5479,18.7895,0.19131343,100.0,0.010135313,0.0906,348.3920819,56.1336348,0.5557143,18.8136,0.1077,True,True,False,1.2.0,0.0,,t17_f5_c3,0.83296394,804120236.0,ZTF18abdehjh
ztf,60135.42741899984,2381427413615015017,2,2381427413615,20.665419,1,2381,0.2540832,18.661613,15.543735,18.7844,0.17430423,100.0,0.009866344,0.0907,348.3919189,56.1336907,0.5542857,18.7024,0.0979,True,True,False,1.2.0,0.0,,t17_f5_c3,0.87095606,804120236.0,ZTF18abdehjh
ztf,60160.429016199894,2406429013615015019,2,2406429013615,20.4365,1,2406,0.501983,18.5988,15.540081,18.932,0.293801,100.0,0.017561654,0.1204,348.3918662,56.1335843,0.361429,18.9137,0.1416,False,True,False,1.2.0,0.0,2.419330613615015e+18,t17_f5_c3,,,ZTF18abdehjh
ztf,60173.330613399856,2419330613615015027,2,2419330613615,20.82451,1,2419,0.2845106,18.749369,15.548516,18.7588,0.14322709,100.0,0.0075107682,0.0833,348.3919572,56.1336179,0.5157143,18.7084,0.0909,True,True,False,1.2.0,0.0,,t17_f5_c3,0.7929648,804120236.0,ZTF18abdehjh
ztf,60181.45188659988,2427451883615015023,2,2427451883615,20.353281,1,2427,0.2849365,18.649008,15.543016,18.761,0.14581291,100.0,0.008344486,0.0991,348.3921245,56.1337495,0.6542857,18.832,0.1258,True,True,False,1.2.0,0.0,,t17_f5_c3,0.863281,804120236.0,ZTF18abdehjh
ztf,60194.32759260014,2440327593615025017,2,2440327593615,20.6722,1,2440,0.318129,18.3851,15.526054,18.7439,0.235895,100.0,0.016947309,0.0873,348.3919147,56.1337363,0.4,18.7521,0.1022,False,True,False,1.2.1,0.0,2.448241733615015e+18,t17_f5_c3,,,ZTF18abdehjh
ztf,60202.241736100055,2448241733615015024,2,2448241733615,20.837242,1,2448,0.724932,18.72396,15.54717,18.6894,0.17868377,100.0,0.009580066,0.0784,348.3917997,56.1335331,0.5385714,18.6085,0.0829,True,True,False,1.2.1,0.0,,t17_f5_c3,0.6151478,804120236.0,ZTF18abdehjh
ztf,60202.241736100055,2448241733615025024,2,2448241733615,20.8372,1,2448,0.724932,18.724,15.547173,18.6894,0.178684,100.0,0.009579753,0.0784,348.3917997,56.1335331,0.538571,18.6085,0.0829,False,True,False,1.2.1,0.0,2.455266183615015e+18,t17_f5_c3,,,ZTF18abdehjh
ztf,60209.26618060004,2455266183615015018,2,2455266183615,20.474094,1,2455,0.13386722,18.548775,15.5370245,18.5615,0.13779172,100.0,0.008600485,0.0795,348.392034,56.1337195,0.6642857,18.4664,0.0859,True,True,False,1.2.1,0.0,,t17_f5_c3,0.8620871,804120236.0,ZTF18abdehjh
ztf,60224.24062500009,2470240623615015029,2,2470240623615,20.690613,1,2470,0.39304078,18.221146,15.513412,18.5918,0.13606378,100.0,0.011236974,0.0749,348.3920611,56.1335722,0.62285715,18.565,0.0846,True,True,False,1.2.1,0.0,,t17_f5_c3,0.5115813,804120236.0,ZTF18abdehjh
ztf,60232.17488430021,2478174883615015016,2,2478174883615,20.05669,1,2478,0.2605877,18.50574,15.534287,18.6607,0.13874325,100.0,0.008987341,0.1054,348.3919232,56.1336564,0.75857145,18.662,0.1283,True,True,False,1.2.1,0.0,,t17_f5_c3,0.9941169,804120236.0,ZTF18abdehjh
ztf,60242.24304400012,2488243043615015012,2,2488243043615,20.425152,1,2488,0.78444433,19.151278,15.566277,19.0795,0.20567769,100.0,0.0075715818,0.1394,348.3917771,56.1335204,0.4157143,19.1308,0.1748,True,True,False,1.2.1,0.0,,t17_f5_c3,0.59886795,804120236.0,ZTF18abdehjh
ztf,60245.19249999989,2491192493615015014,2,2491192493615,19.6818,1,2491,0.377751,18.5271,15.53566,19.0666,0.21022,100.0,0.013368971,0.2197,348.3920317,56.1337897,0.441429,18.9283,0.2424,False,True,False,1.2.1,0.0,2.503177683615015e+18,t17_f5_c3,,,ZTF18abdehjh
ztf,60257.17768519977,2503177683615015029,2,2503177683615,19.898766,1,2503,0.43368044,18.417118,15.528322,18.5,0.13250397,100.0,0.009262127,0.0953,348.3922009,56.1337688,0.64428574,18.5188,0.1185,True,True,False,1.2.1,0.0,,t17_f5_c3,0.9998946,804120236.0,ZTF18abdehjh
ztf,60257.227280099876,2503227283615015020,1,2503227283615,19.811218,1,2503,0.65465164,19.123602,15.987802,19.4406,0.20448832,100.0,0.011385406,0.1964,348.3917683,56.1337946,0.68285716,19.2299,0.1995,True,True,False,1.2.1,0.0,,t17_f5_c3,0.9985398,804120136.0,ZTF18abdehjh
ztf,60259.138414400164,2505138413615015019,2,2505138413615,20.6872,1,2505,0.872361,18.8273,15.552468,19.052,0.261411,100.0,0.012805351,0.116,348.3918538,56.1339033,0.34,19.0039,0.1289,False,True,False,1.2.1,0.0,2.509134953615015e+18,t17_f5_c3,,,ZTF18abdehjh
ztf,60263.134953700006,2509134953615015020,2,2509134953615,20.691216,1,2509,0.4395184,18.705702,15.546183,18.7649,0.15587766,100.0,0.00849134,0.0892,348.392136,56.1337956,0.5742857,18.7417,0.1013,True,True,False,1.2.1,0.0,,t17_f5_c3,0.80495644,804120236.0,ZTF18abdehjh
ztf,60288.11457179999,2534114573615015009,1,2534114573615,19.686426,1,2534,1.1718801,18.76504,15.9644,19.2902,0.18710667,100.0,0.014185144,0.162,348.3917653,56.1339814,0.4557143,19.0887,0.1656,True,True,False,23.12.x,0.0,,t17_f5_c3,0.9152726,804120136.0,ZTF18abdehjh
ztf,60503.40863429988,2749408633615015023,2,2749408633615,20.500044,1,2749,0.58590686,18.484873,15.532924,18.7581,0.18536584,100.0,0.012225034,0.0987,348.3919066,56.1335359,0.48714286,18.8389,0.1243,True,True,False,24.5.1,0.0,,t17_f5_c3,0.6674351,804120236.0,ZTF18abdehjh
ztf,60505.40922449995,2751409223615025020,2,2751409223615,20.8163,1,2751,0.682721,18.8862,15.555281,18.932,0.244318,100.0,0.011365474,0.1004,348.3920077,56.1334943,0.372857,18.953,0.1165,False,True,False,24.5.1,0.0,2.773407363615015e+18,t17_f5_c3,,,ZTF18abdehjh
ztf,60520.38564810017,2766385643615015035,2,2766385643615,20.749634,1,2766,0.06724256,18.344461,15.523083,18.4816,0.14943258,100.0,0.0111146,0.0666,348.3920115,56.1336901,0.44714287,18.4366,0.0735,True,True,False,24.5.1,0.0,,t17_f5_c3,0.9083194,804120236.0,ZTF18abdehjh
ztf,60527.40736109996,2773407363615015065,2,2773407363615,20.799368,1,2773,0.70568407,18.709412,15.546385,18.9541,0.19956526,100.0,0.010836126,0.1018,348.3918889,56.1335064,0.40714285,18.9565,0.1167,True,True,False,24.5.1,0.0,,t17_f5_c3,0.7151766,804120236.0,ZTF18abdehjh
ztf,60527.40736109996,2773407363615025065,2,2773407363615,20.7994,1,2773,0.705684,18.7094,15.546385,18.9541,0.199565,100.0,0.010836229,0.1018,348.3918889,56.1335064,0.407143,18.9565,0.1167,False,True,False,24.5.1,0.0,2.797390303615015e+18,t17_f5_c3,,,ZTF18abdehjh
ztf,60537.43694439996,2783436943615015044,2,2783436943615,20.772684,1,2783,0.2564244,18.435259,15.529581,18.861,0.1342681,100.0,0.009240632,0.0914,348.3919658,56.1337397,0.47285715,18.9115,0.1097,True,True,False,24.5.1,0.0,,t17_f5_c3,0.6597507,804120236.0,ZTF18abdehjh
ztf,60551.39030090021,2797390303615015025,2,2797390303615,20.476828,1,2797,0.13014501,18.360167,15.524243,18.6556,0.17062974,100.0,0.012522336,0.0859,348.391999,56.1337098,0.51857144,18.7656,0.112,True,True,False,24.5.1,0.0,,t17_f5_c3,0.78652656,804120236.0,ZTF18abdehjh
ztf,60558.32173610013,2804321733615015033,2,2804321733615,20.723675,1,2804,0.6588969,18.769924,15.549585,18.8389,0.18317144,100.0,0.00943457,0.0938,348.3918269,56.1335449,0.46142858,18.8552,0.1097,True,True,False,24.5.1,0.0,,t17_f5_c3,0.61321795,804120236.0,ZTF18abdehjh
ztf,60609.29094910016,2855290943615015031,2,2855290943615,20.516064,1,2855,0.43031478,18.524485,15.535492,18.7875,0.16683301,100.0,0.0106337145,0.0972,348.3919178,56.1335857,0.46,18.8477,0.1211,True,True,False,24.5.1,0.0,,t17_f5_c3,0.828812,804120236.0,ZTF18abdehjh
ztf,60623.15562500013,2869155623615015020,2,2869155623615,20.368883,1,2869,0.3233815,18.318787,15.5211525,18.5883,0.17564791,100.0,0.013353317,0.0876,348.3919068,56.133732,0.50142854,18.5373,0.0999,True,True,False,25.0.0,0.0,,t17_f5_c3,0.48511168,804120236.0,ZTF18abdehjh
ztf,60643.20206019981,2889202063615015025,2,2889202063615,19.7931,1,2889,0.530837,18.4049,15.527465,18.705,0.187719,100.0,0.013259721,0.1239,348.3919255,56.1338188,0.594286,18.6256,0.1417,False,True,False,26.0.1,0.0,2.913102283615015e+18,t17_f5_c3,,,ZTF18abdehjh
ztf,60651.138136600144,2897138133615015029,2,2897138133615,20.5679,1,2897,0.505353,18.6829,15.544929,18.8434,0.195004,100.0,0.010835659,0.1013,348.3919098,56.1338066,0.48,18.883,0.1235,False,True,False,26.0.1,0.0,2.913102283615015e+18,t17_f5_c3,,,ZTF18abdehjh
ztf,60655.28539349977,2901285393615015040,2,2901285393615,19.187843,1,2901,0.52884585,18.490597,15.5333,18.6404,0.17354211,100.0,0.011389018,0.1896,348.3918315,56.1337715,0.5114286,18.7396,0.2625,True,True,False,25.0.0,0.0,,t17_f5_c3,0.9007203,804120236.0,ZTF18abdehjh
ztf,60667.102280099876,2913102283615015032,1,2913102283615,20.49044,1,2913,0.45157865,19.251127,15.994522,19.4552,0.15187308,100.0,0.007565518,0.1718,348.3920071,56.1335648,0.67,19.4939,0.2153,True,True,False,26.0.1,0.0,,t17_f5_c3,0.7223981,804120136.0,ZTF18abdehjh
ztf,60819.46420140006,3065464203615015032,1,3065464203615,20.455908,1,3065,0.6276104,19.016071,15.981526,19.1622,0.1482799,100.0,0.009062842,0.1281,348.3918146,56.1335683,0.46714285,19.1611,0.1534,True,True,False,27.5.6,0.0,,t17_f5_c3,0.7934289,804120136.0,ZTF18abdehjh
ztf,60914.35449070018,3160354493615015016,2,3160354493615,20.827003,1,3160,0.53871185,18.770548,15.549617,18.9207,0.1402834,100.0,0.0072216094,0.0963,348.3918792,56.1335645,0.70428574,18.867,0.1047,True,True,False,27.5.6,0.0,,t17_f5_c3,0.7685232,804120236.0,ZTF18abdehjh
ztf,60955.34192130016,3201341923615015007,2,3201341923615,19.74304,1,3201,0.676698,18.688156,15.545219,18.8637,0.21121421,100.0,0.011682842,0.1868,348.3918355,56.1335348,0.40428573,18.9252,0.2476,True,True,False,27.5.6,0.0,,t17_f5_c3,0.48209468,804120236.0,ZTF18abdehjh
ztf,60980.303321800195,3226303323615015021,2,3226303323615,20.346045,1,3226,0.64150316,18.467644,15.531779,18.7259,0.17636223,100.0,0.011804828,0.1033,348.3918851,56.1338411,0.5314286,18.6804,0.119,True,True,False,27.5.7a32.dev1,0.0,,t17_f5_c3,0.64365095,804120236.0,ZTF18abdehjh
ztf,61006.18170139985,3252181703615015015,2,3252181703615,20.0376,1,3252,0.485686,18.5291,15.535787,18.7388,0.243388,100.0,0.015451606,0.1164,348.3919581,56.133812,0.421429,18.8047,0.1508,False,True,False,27.5.7a32.dev1,0.0,3.274091743615015e+18,t17_f5_c3,,,ZTF18abdehjh
ztf,61028.09174769977,3274091743615015029,2,3274091743615,20.665302,1,3274,0.4357883,18.264002,15.516889,18.5885,0.19850819,100.0,0.015810046,0.0767,348.3918984,56.1337751,0.4842857,18.6053,0.0905,True,True,False,27.5.7a32.dev1,0.0,,t17_f5_c3,0.52057016,804120236.0,ZTF18abdehjh
