tid,mjd,candid,fid,pid,diffmaglim,isdiffpos,nid,distnr,magpsf,magpsf_corr,magap,sigmapsf,sigmapsf_corr,sigmapsf_corr_ext,sigmagap,ra,dec,rb,drb,magapbig,sigmagapbig,rfid,has_stamp,corrected,dubious,step_id_corr,phase,parent_candid,rbversion,oid
ztf,58306.33561340021,552335610515010006,1,552335610515,20.858913,-1,552,0.1442821,19.36235,17.867304,19.3145,0.165782,0.035239957,0.041833,0.1092,284.9599787,-4.6923636,0.63666666,0.0,19.4681,0.1529,436120105.0,False,True,False,bulk_1.0.0,0.0,5.5437695051501e+17,,ZTF18abezbap
ztf,58308.37695599999,554376950515010002,1,554376950515,20.326136,-1,554,0.3322687,19.571575,17.820316,20.0812,0.19893251,0.033253774,0.039646253,0.3098,284.9600413,-4.692429,0.57,0.0,19.8796,0.3251,436120105.0,True,True,False,bulk_1.0.0,0.0,0.0,,ZTF18abezbap
ztf,58357.209363400005,603209360515015003,2,603209360515,19.262909,1,603,0.10409558,17.450764,15.022352,17.4441,0.09731372,100.0,0.010394639,0.066,284.9600241,-4.692373,0.64666665,0.0,17.4036,0.08,436120205.0,False,True,False,bulk_1.0.0,0.0,6.14168060515015e+17,t8_f5_c3,ZTF18abezbap
ztf,58359.249768500216,605249760515015000,2,605249760515,19.972849,1,605,0.1715135,17.660288,15.042899,17.7864,0.20265105,100.0,0.018188348,0.0645,284.9599703,-4.6923339,0.47333333,0.0,17.7968,0.0796,436120205.0,False,True,False,bulk_1.0.0,0.0,6.14168060515015e+17,t8_f5_c3,ZTF18abezbap
ztf,58368.16806709999,614168060515015002,2,614168060515,20.125671,1,614,0.072543286,17.694605,15.045935,17.7442,0.122727744,100.0,0.010702241,0.0538,284.9600005,-4.6923397,0.6433333,0.0,17.6963,0.0618,436120205.0,True,True,False,bulk_1.0.0,0.0,0.0,t8_f5_c3,ZTF18abezbap
ztf,58593.42053239979,839420530515015004,2,839420530515,19.012686,1,839,0.3570024,17.391941,15.015915,17.6081,0.18294969,100.0,0.020507898,0.099,284.9601169,-4.6923723,0.3157143,0.0,17.5636,0.1204,436120205.0,True,True,False,bulk_1.0.0,0.0,0.0,t15_f5_c3,ZTF18abezbap
ztf,58634.44467590004,880444670515010001,1,880444670515,21.0692,-1,880,0.154756,19.6628,17.803015,20.1064,0.22479,0.034524463,0.040538058,0.1899,284.9600328,-4.6923023,0.718571,,20.2547,0.2655,,False,True,False,bulk_1.0.0,0.0,8.8838101051501e+17,t17_f5_c3,ZTF18abezbap
ztf,58636.400925899856,882400920515010000,2,882400920515,20.507517,-1,882,0.37259498,18.00145,15.226147,17.92,0.21371911,100.0,0.016585255,0.0527,284.9600808,-4.6924284,0.50142854,0.0,18.0168,0.0679,436120205.0,False,True,False,bulk_1.0.0,0.0,8.8838101051501e+17,t17_f5_c3,ZTF18abezbap
ztf,58642.381018499844,888381010515010001,1,888381010515,20.606697,-1,888,0.18408218,19.450562,17.846134,19.9921,0.14330448,0.024089187,0.032695543,0.2235,284.9600546,-4.6923719,0.86,0.0,20.1732,0.331,436120105.0,False,True,False,bulk_1.0.0,0.0,9.16380460515015e+17,t17_f5_c3,ZTF18abezbap
ztf,58643.29623840004,889296230515010000,2,889296230515,19.892456,-1,889,0.07877064,17.728428,15.250507,17.8542,0.10730578,100.0,0.010951025,0.0681,284.9599985,-4.6923543,0.6242857,0.0,17.8901,0.0869,436120205.0,False,True,False,bulk_1.0.0,0.0,9.16380460515015e+17,t17_f5_c3,ZTF18abezbap
ztf,58643.4229282001,889422920515010001,1,889422920515,20.137495,-1,889,0.22737236,19.48996,17.837341,19.7376,0.17658126,0.03169187,0.038538724,0.2263,284.9600735,-4.6923163,0.9242857,0.0,19.7536,0.291,436120105.0,False,True,False,bulk_1.0.0,0.0,9.16380460515015e+17,t17_f5_c3,ZTF18abezbap
ztf,58668.33557870006,914335570515015002,2,914335570515,20.2504,1,914,0.080145,17.6286,15.040017,17.8057,0.271187,0.010468945,0.024994025,0.0537,284.9600247,-4.6923654,0.348571,,17.8357,0.0659,,False,True,False,bulk_1.0.0,0.0,9.16380460515015e+17,t17_f5_c3,ZTF18abezbap
ztf,58670.38046299992,916380460515015003,2,916380460515,20.592611,1,916,0.49443427,17.577023,15.035159,17.9795,0.17540152,100.0,0.016876718,0.0535,284.9599173,-4.6924346,0.45142856,0.98016596,18.0886,0.0692,436120205.0,True,True,False,bulk_1.0.0,0.0,0.0,t17_f5_c3,ZTF18abezbap
ztf,58747.257696799934,993257690515015001,2,993257690515,19.7372,1,993,0.698168,17.4269,15.019779,17.8282,0.230373,0.011553944,0.025094744,0.0802,284.9598214,-4.6923764,0.371429,,17.7904,0.0961,,False,True,False,bulk_1.0.0,0.0,1.022109530515015e+18,t17_f5_c3,ZTF18abezbap
ztf,58758.124606499914,1004124600515015001,2,1004124600515,20.0101,1,1004,0.11568081,18.014967,15.0704,18.1411,0.2068508,100.0,0.013735063,0.0869,284.9600394,-4.6923676,0.4642857,0.97242534,18.1389,0.1052,436120205.0,False,True,False,bulk_1.0.0,0.0,1.022109530515015e+18,t17_f5_c3,ZTF18abezbap
ztf,58761.128946799785,1007128940515015002,2,1007128940515,19.8873,1,1007,0.659763,17.9686,15.067261,18.3327,0.244097,100.0,0.016866576,0.1155,284.959853,-4.6924246,0.288571,,18.6761,0.1954,,False,True,False,bulk_1.0.0,0.0,1.022109530515015e+18,t17_f5_c3,ZTF18abezbap
ztf,58770.191041700076,1016191040515015006,2,1016191040515,18.7663,1,1016,0.14192435,16.665506,14.905779,16.8599,0.114228286,0.010390969,0.022588247,0.0588,284.9599852,-4.6923703,0.6042857,0.9545089,16.8422,0.0733,436120205.0,False,True,False,bulk_1.0.0,0.0,1.022109530515015e+18,t17_f5_c3,ZTF18abezbap
ztf,58776.10953699984,1022109530515015002,1,1022109530515,20.448036,1,1022,0.15318088,19.681784,17.471127,19.7086,0.14461246,0.0105558345,0.018877445,0.2066,284.9600087,-4.6923834,0.9014286,0.9999155,19.9809,0.3312,436120105.0,False,True,False,bulk_1.0.0,0.0,1.025085630515015e+18,t17_f5_c3,ZTF18abezbap
ztf,58779.08563659992,1025085630515015002,2,1025085630515,19.743286,1,1025,0.4051474,17.651571,15.042113,17.7009,0.1504805,100.0,0.013604956,0.0731,284.960052,-4.6924533,0.5271429,0.9621478,17.7341,0.0933,436120205.0,False,True,False,bulk_1.0.0,0.0,1.028124250515015e+18,t17_f5_c3,ZTF18abezbap
ztf,58782.124259300064,1028124250515015002,2,1028124250515,19.646046,1,1028,0.9488389,17.496828,15.027181,17.6245,0.15149534,100.0,0.015579022,0.0675,284.9597623,-4.6924211,0.39857143,0.53480685,17.5716,0.0802,436120205.0,False,True,False,bulk_1.0.0,0.0,1.039085430515015e+18,t17_f5_c3,ZTF18abezbap
ztf,58793.08543979982,1039085430515015004,2,1039085430515,19.163015,1,1039,0.5877582,17.46716,15.024092,17.6078,0.13103107,100.0,0.013808523,0.0886,284.959879,-4.6924331,0.56285715,0.4851557,17.6167,0.1124,436120205.0,True,True,False,bulk_1.0.0,0.0,0.0,t17_f5_c3,ZTF18abezbap
ztf,58963.40394680016,1209403940515015000,1,1209403940515,19.951168,1,1209,0.62220323,19.096695,17.374361,19.1128,0.15289745,0.027827997,0.031294417,0.1575,284.960162,-4.6924329,0.8914286,0.99998295,19.2215,0.2204,436120105.0,False,True,False,bulk_1.0.0,0.0,1.212439600515015e+18,t17_f5_c3,ZTF18abezbap
ztf,58963.44432870019,1209444320515015001,1,1209444320515,20.008686,1,1209,0.41744542,19.155275,17.386097,19.0864,0.17254126,0.030571615,0.03382374,0.1442,284.9600576,-4.6924483,0.88,0.9999944,19.0217,0.172,436120105.0,False,True,False,bulk_1.0.0,0.0,1.212439600515015e+18,t17_f5_c3,ZTF18abezbap
ztf,58966.43960649986,1212439600515015003,1,1212439600515,20.715944,1,1212,0.099580295,19.30593,17.414028,19.1546,0.1493913,0.021532254,0.02615563,0.102,284.9600404,-4.6923466,0.8742857,0.99999166,19.0986,0.1202,436120105.0,False,True,False,bulk_1.0.0,0.0,1.238460610515015e+18,t17_f5_c3,ZTF18abezbap
ztf,58966.475208300166,1212475200515015003,2,1212475200515,20.527283,1,1212,0.16492282,16.885065,14.945816,17.0159,0.16283032,0.017658122,0.027292026,0.0237,284.9600233,-4.6923892,0.4542857,0.9923008,17.0457,0.0283,436120205.0,False,True,False,bulk_1.0.0,0.0,1.238460610515015e+18,t17_f5_c3,ZTF18abezbap
ztf,58972.43718749983,1218437180515015004,2,1218437180515,20.194715,1,1218,0.24968708,17.273129,15.001931,17.4298,0.11425457,100.0,0.014105694,0.0404,284.9600819,-4.6923742,0.64857143,0.99630183,17.4083,0.0477,436120205.0,False,True,False,bulk_1.0.0,0.0,1.238460610515015e+18,t17_f5_c3,ZTF18abezbap
ztf,58972.46062499983,1218460620515015000,1,1218460620515,20.818174,1,1218,0.13270405,19.736225,17.47808,19.541,0.16229288,0.012772594,0.020278782,0.1322,284.9600245,-4.6923735,0.79714286,0.9999922,19.7107,0.1911,436120105.0,False,True,False,bulk_1.0.0,0.0,1.238460610515015e+18,t17_f5_c3,ZTF18abezbap
ztf,58986.46140050003,1232461400515015002,2,1232461400515,20.6951,1,1232,0.45603,17.8114,15.055635,18.3011,0.256525,100.0,0.02026861,0.068,284.9599553,-4.6924536,0.384286,,18.3099,0.0797,,False,True,False,bulk_1.0.0,0.0,1.257339510515015e+18,t17_f5_c3,ZTF18abezbap
ztf,58992.46061340021,1238460610515015002,1,1238460610515,20.3241,1,1238,0.34856153,19.74309,17.478937,19.702,0.20033717,0.019267747,0.02489432,0.1937,284.9599994,-4.6924376,0.88,0.9999162,19.7718,0.2588,436120105.0,False,True,False,bulk_1.0.0,0.0,1.257339510515015e+18,t17_f5_c3,ZTF18abezbap
ztf,58996.43581019994,1242435810515015001,1,1242435810515,20.94118,1,1242,0.15910996,19.259605,17.405775,18.9195,0.13896827,0.020441076,0.025198998,0.0709,284.9600152,-4.6923853,0.76,0.9982534,18.7889,0.0778,436120105.0,False,True,False,bulk_1.0.0,0.0,1.257339510515015e+18,t17_f5_c3,ZTF18abezbap
ztf,58996.46098379977,1242460980515015002,2,1242460980515,20.578554,1,1242,0.49874902,17.350609,15.011203,17.6656,0.16534622,100.0,0.019170424,0.0408,284.9599125,-4.6924338,0.41714287,0.9895375,17.6871,0.0484,436120205.0,False,True,False,bulk_1.0.0,0.0,1.257339510515015e+18,t17_f5_c3,ZTF18abezbap
ztf,59011.29913190007,1257299130515015000,1,1257299130515,20.432644,1,1257,0.437519,19.188747,17.392578,19.0024,0.14288595,0.023121128,0.02732258,0.113,284.9601175,-4.6924058,0.8385714,0.99997276,19.1401,0.1608,436120105.0,False,True,False,bulk_1.0.0,0.0,1.257339510515015e+18,t17_f5_c3,ZTF18abezbap
ztf,59011.339513900224,1257339510515015000,2,1257339510515,19.752218,1,1257,0.18430409,17.051468,14.971988,17.17,0.12735367,100.0,0.018759422,0.044,284.9600619,-4.6923788,0.6242857,0.88718,17.2119,0.0565,436120205.0,False,True,False,bulk_1.0.0,0.0,1.266358630515015e+18,t17_f5_c3,ZTF18abezbap
ztf,59014.370833300054,1260370830515015001,1,1260370830515,20.53826,1,1260,0.27719608,19.54274,17.451935,19.3792,0.15934314,0.017410176,0.02322796,0.1355,284.9599475,-4.6923834,0.85,0.9999809,19.3934,0.1715,436120105.0,False,True,False,bulk_1.0.0,0.0,1.266358630515015e+18,t17_f5_c3,ZTF18abezbap
ztf,59014.461064800154,1260461060515015001,2,1260461060515,20.193796,1,1260,0.30297732,17.379381,15.0145,17.4804,0.13219652,100.0,0.014971571,0.0409,284.9599666,-4.692409,0.52428573,0.9968656,17.4701,0.0487,436120205.0,False,True,False,bulk_1.0.0,0.0,1.266358630515015e+18,t17_f5_c3,ZTF18abezbap
ztf,59017.33186340006,1263331860515015002,1,1263331860515,20.526974,1,1263,0.3871082,19.693945,17.472708,19.4996,0.17520784,0.016350944,0.022649491,0.1488,284.9601195,-4.6923574,0.83,0.99991906,19.4759,0.1821,436120105.0,False,True,False,bulk_1.0.0,0.0,1.266358630515015e+18,t17_f5_c3,ZTF18abezbap
ztf,59017.39070599992,1263390700515015001,2,1263390700515,20.3708,1,1263,0.27889,17.5849,15.035915,17.7084,0.222508,100.0,0.021269234,0.0455,284.9600944,-4.6923633,0.4,,17.7309,0.0547,,False,True,False,bulk_1.0.0,0.0,1.266358630515015e+18,t17_f5_c3,ZTF18abezbap
ztf,59020.358634300064,1266358630515015001,1,1266358630515,20.832819,1,1266,0.28457338,19.584866,17.457973,19.6127,0.19098075,0.022048688,0.02692979,0.1405,284.960022,-4.692417,0.87285715,0.99990964,19.8705,0.22,436120105.0,True,True,False,bulk_1.0.0,0.0,0.0,t17_f5_c3,ZTF18abezbap
ztf,59098.16888889996,1344168880515010004,2,1344168880515,20.343658,-1,1344,0.5664906,17.886147,15.235628,17.7349,0.16208185,100.0,0.01411,0.0476,284.9601093,-4.692209,0.63714284,0.8161198,17.7086,0.055,436120205.0,False,True,False,bulk_1.0.0,0.0,1.35712626051501e+18,t17_f5_c3,ZTF18abezbap
ztf,59111.12626159983,1357126260515010002,1,1357126260515,20.606237,-1,1357,0.13278203,19.263178,17.89383,19.3423,0.1571695,0.03806722,0.044527557,0.1336,284.9600427,-4.692316,0.9085714,0.96215,19.3284,0.1646,436120105.0,False,True,False,bulk_1.0.0,0.0,1.35721417051501e+18,t17_f5_c3,ZTF18abezbap
ztf,59111.21417819988,1357214170515010008,2,1357214170515,19.9352,-1,1357,0.134119,17.206,15.321237,17.5448,0.041703,100.0,0.0073495754,0.051,284.9600552,-4.6923448,0.472857,,17.5274,0.0614,,False,True,False,bulk_1.0.0,0.0,1.38314813051501e+18,t17_f5_c3,ZTF18abezbap
ztf,59111.21417819988,1357214170515010009,2,1357214170515,19.935184,-1,1357,0.065333106,17.194857,15.323212,17.2285,0.09692765,100.0,0.017289784,0.0389,284.960012,-4.6923263,0.63285714,0.983768,17.1856,0.0458,436120205.0,False,True,False,bulk_1.0.0,0.0,1.38314813051501e+18,t17_f5_c3,ZTF18abezbap
ztf,59128.16547450004,1374165470515010002,1,1374165470515,20.3198,-1,1374,0.089608,19.7251,17.79215,19.7407,0.220096,0.030566808,0.03710501,0.2421,284.9600358,-4.6923493,0.867143,,19.7105,0.2988,,False,True,False,bulk_1.0.0,0.0,1.38917268051501e+18,t17_f5_c3,ZTF18abezbap
ztf,59130.130381899886,1376130380515010004,2,1376130380515,20.411781,-1,1376,0.97719437,18.421549,15.199443,18.3628,0.12012852,100.0,0.0061773737,0.0815,284.9600311,-4.6926191,0.6085714,0.45835498,18.3972,0.1007,436120205.0,False,True,False,bulk_1.0.0,0.0,1.38917268051501e+18,t17_f5_c3,ZTF18abezbap
ztf,59135.10666669998,1381106660515010002,1,1381106660515,20.798653,-1,1381,0.30413237,19.720669,17.792902,19.6422,0.20322227,0.027239045,0.03442424,0.1518,284.9600968,-4.692356,0.82,0.5858734,19.5416,0.1741,436120105.0,False,True,False,bulk_1.0.0,0.0,1.38917268051501e+18,t17_f5_c3,ZTF18abezbap
ztf,59137.14813659992,1383148130515010002,1,1383148130515,20.353456,-1,1383,0.1698481,19.415735,17.854239,19.309,0.14139836,0.025106482,0.033561826,0.1501,284.960058,-4.6923335,0.93714285,0.9999489,19.436,0.2125,436120105.0,False,True,False,bulk_1.0.0,0.0,1.38917268051501e+18,t17_f5_c3,ZTF18abezbap
ztf,59143.17268519988,1389172680515010000,1,1389172680515,20.0406,-1,1389,0.2505772,19.308392,17.881355,19.6275,0.1513914,0.03365523,0.040671155,0.2559,284.9600756,-4.692309,0.9042857,0.99821556,19.4843,0.2849,436120105.0,True,True,False,bulk_1.0.0,0.0,0.0,t17_f5_c3,ZTF18abezbap
ztf,59250.57084489986,1496570840515015006,2,1496570840515,18.260416,1,1496,0.71141046,16.688097,14.910209,16.7557,0.090971574,100.0,0.017690917,0.0703,284.9601453,-4.6924996,0.58285713,0.982022,16.7736,0.0913,436120205.0,True,True,False,correction_0.0.1,0.0,,t17_f5_c3,ZTF18abezbap
ztf,59252.56303239986,1498563030515015002,2,1498563030515,19.4285,1,1498,0.432526,17.0211,14.967462,17.2435,0.171104,0.014681581,0.02581102,0.0571,284.960126,-4.692402,0.374286,,17.2175,0.0699,,False,True,False,correction_0.0.1,0.0,,t17_f5_c3,ZTF18abezbap
ztf,59252.56541670021,1498565410515015003,2,1498565410515,19.213055,1,1498,0.54561037,17.125725,14.982613,17.2388,0.14082988,100.0,0.019563645,0.0658,284.9601672,-4.6923831,0.60571426,0.99795747,17.206,0.0807,436120205.0,True,True,False,correction_0.0.1,0.0,,t17_f5_c3,ZTF18abezbap
ztf,59252.5677894,1498567780515015003,2,1498567780515,19.112288,1,1498,0.62252307,17.114523,14.98105,17.3676,0.12061507,100.0,0.01690488,0.0839,284.9601834,-4.6923986,0.5328571,0.9718703,17.4748,0.1171,436120205.0,True,True,False,correction_0.0.1,0.0,,t17_f5_c3,ZTF18abezbap
ztf,59253.562384299934,1499562380515015003,2,1499562380515,19.5002,1,1499,0.552394,17.0278,14.96847,17.232,0.088671,100.0,0.013306065,0.0528,284.9601606,-4.6924086,0.632857,,17.177,0.063,,False,True,False,correction_0.0.1,0.0,,t17_f5_c3,ZTF18abezbap
ztf,59253.56481479993,1499564810515015003,2,1499564810515,19.2122,1,1499,0.474104,17.0924,14.977922,17.2223,0.118675,100.0,0.01692654,0.062,284.960142,-4.692395,0.655714,,17.146,0.0729,,False,True,False,correction_0.0.1,0.0,,t17_f5_c3,ZTF18abezbap
ztf,59253.56966440007,1499569660515015003,2,1499569660515,18.778416,1,1499,0.5480668,17.11539,14.981171,17.0671,0.113584474,100.0,0.015908564,0.0764,284.9601583,-4.6924137,0.6457143,0.9737065,17.0469,0.0956,436120205.0,True,True,False,correction_0.0.1,0.0,,t17_f5_c3,ZTF18abezbap
ztf,59255.5662153,1501566210515015004,2,1501566210515,19.1144,1,1501,0.499948,17.137,14.984172,17.3103,0.117209,100.0,0.016137276,0.0683,284.9601013,-4.692458,0.504286,,17.304,0.0856,,False,True,False,correction_0.0.1,0.0,,t17_f5_c3,ZTF18abezbap
ztf,59255.5686458,1501568640515015004,2,1501568640515,19.020912,1,1501,0.4778611,17.23302,14.996899,17.4401,0.15956716,100.0,0.020346723,0.0884,284.960144,-4.6923977,0.5442857,0.6860838,17.519,0.1206,436120205.0,True,True,False,correction_0.0.1,0.0,,t17_f5_c3,ZTF18abezbap
ztf,59256.56101850001,1502561010515015009,2,1502561010515,19.348373,1,1502,0.9576398,17.130003,14.983206,17.3175,0.11240426,100.0,0.015561941,0.0588,284.9602646,-4.6924561,0.5214286,0.23689267,17.4006,0.0798,436120205.0,True,True,False,correction_0.0.1,0.0,,t17_f5_c3,ZTF18abezbap
ztf,59256.568171299994,1502568170515015003,2,1502568170515,18.91858,1,1502,0.47043848,17.225327,14.995914,17.5387,0.18128268,0.008128433,0.023259016,0.1107,284.9601087,-4.6924415,0.41,0.7612982,17.8851,0.1937,436120205.0,True,True,False,correction_0.0.1,0.0,,t17_f5_c3,ZTF18abezbap
ztf,59264.540092600044,1510540090515015004,2,1510540090515,19.76174,1,1510,0.4358547,17.80417,15.055061,18.1434,0.17751366,100.0,0.014111984,0.0985,284.9601032,-4.6924325,0.39,0.68405294,18.2068,0.129,436120205.0,True,True,False,correction_0.0.1,0.0,,t17_f5_c3,ZTF18abezbap
ztf,59267.55374999996,1513553740515015008,2,1513553740515,19.250227,1,1513,0.643518,17.412163,15.018163,17.6582,0.14024636,100.0,0.015462925,0.0779,284.9601093,-4.6921871,0.56857145,0.0038797,17.4296,0.0793,436120205.0,True,True,False,correction_0.0.1,0.0,,t17_f5_c3,ZTF18abezbap
ztf,59282.51900460012,1528519000515015005,2,1528519000515,19.698416,1,1528,0.5101715,16.92166,14.951864,17.1032,0.1256994,100.0,0.020484023,0.0363,284.9601157,-4.6924471,0.6085714,0.58152723,17.1783,0.0478,436120205.0,True,True,False,correction_0.0.1,0.0,,t17_f5_c3,ZTF18abezbap
ztf,59292.4795022998,1538479500515015003,2,1538479500515,19.719952,1,1538,0.7281441,17.674906,15.044203,17.9579,0.15785225,100.0,0.013994892,0.0848,284.9602203,-4.692395,0.40142858,0.88402665,18.0273,0.1113,436120205.0,True,True,False,correction_0.0.1,0.0,,t17_f5_c3,ZTF18abezbap
ztf,59305.461967600044,1551461960515015014,2,1551461960515,19.010939,1,1551,0.11763063,17.598103,15.037169,17.8371,0.16471525,100.0,0.015572583,0.1074,284.9599877,-4.6923403,0.54571426,0.35268146,17.6926,0.1188,436120205.0,True,True,False,correction_0.0.1,0.0,,t17_f5_c3,ZTF18abezbap
ztf,59311.496701399796,1557496700515015002,2,1557496700515,20.3208,1,1557,0.524347,18.1305,15.077703,18.2969,0.189718,100.0,0.011402225,0.0817,284.960115,-4.692449,0.434286,,18.2763,0.0958,,False,True,False,correction_0.0.1,0.0,,t17_f5_c3,ZTF18abezbap
ztf,59314.47890050011,1560478900515015002,2,1560478900515,19.957094,1,1560,0.20077735,17.165667,14.988073,17.3933,0.10871883,100.0,0.014630784,0.0435,284.9600596,-4.6923808,0.5342857,0.38676274,17.3378,0.0508,436120205.0,True,True,False,correction_0.0.1,0.0,,t17_f5_c3,ZTF18abezbap
ztf,59314.47890050011,1560478900515025002,2,1560478900515,19.9571,1,1560,0.200777,17.1657,14.988079,17.3933,0.108719,100.0,0.014630418,0.0435,284.9600596,-4.6923808,0.534286,,17.3378,0.0508,,False,True,False,correction_0.0.1,0.0,,t17_f5_c3,ZTF18abezbap
ztf,59316.48418979999,1562484180515015002,2,1562484180515,20.263805,1,1562,0.17566529,17.067438,14.974325,17.2824,0.1640643,0.010637823,0.02386542,0.0333,284.9600566,-4.692379,0.5057143,0.99325705,17.3062,0.0404,436120205.0,True,True,False,correction_0.0.1,0.0,,t17_f5_c3,ZTF18abezbap
ztf,59320.48153939983,1566481530515015041,2,1566481530515,19.62027,1,1566,0.25670722,16.917889,14.951249,16.9214,0.07984909,100.0,0.013050109,0.0374,284.9600781,-4.6923763,0.75142854,0.77399385,16.9323,0.0462,436120205.0,True,True,False,correction_0.0.1,0.0,,t17_f5_c3,ZTF18abezbap
ztf,59322.47920140019,1568479200515015005,2,1568479200515,19.893686,1,1568,0.1715976,17.047565,14.971412,17.2474,0.14287116,100.0,0.021109758,0.0371,284.960038,-4.6923881,0.5957143,0.40992087,17.2971,0.0471,436120205.0,True,True,False,correction_0.0.1,0.0,,t17_f5_c3,ZTF18abezbap
ztf,59363.3978587999,1609397850515015003,2,1609397850515,19.75177,1,1609,0.16483113,16.971188,14.959784,17.1765,0.17044075,0.016437862,0.026730781,0.0442,284.9599723,-4.6923384,0.46285716,0.9856293,17.2128,0.0566,436120205.0,True,True,False,correction_0.0.1,0.0,,t17_f5_c3,ZTF18abezbap
ztf,59366.39400460012,1612394000515015003,2,1612394000515,20.124304,1,1612,0.13744278,17.042873,14.970717,17.2052,0.088901825,100.0,0.013184036,0.0349,284.9600136,-4.6923817,0.68857145,0.97085917,17.2206,0.0428,436120205.0,True,True,False,correction_0.0.1,0.0,,t17_f5_c3,ZTF18abezbap
ztf,59368.41459489986,1614414590515015003,2,1614414590515,20.625862,1,1614,0.123742014,17.270258,15.001575,17.4696,0.15341398,100.0,0.018984193,0.0337,284.9600496,-4.6923606,0.53571427,0.9916758,17.4635,0.0387,436120205.0,True,True,False,correction_0.0.1,0.0,,t17_f5_c3,ZTF18abezbap
ztf,59368.44127310021,1614441270515015005,1,1614441270515,20.647896,1,1614,0.35409254,19.600088,17.460108,19.5491,0.154663,0.014975934,0.021547368,0.1525,284.959924,-4.6923888,0.87285715,0.9999797,19.499,0.181,436120105.0,True,True,False,correction_0.0.1,0.0,,t17_f5_c3,ZTF18abezbap
ztf,59407.274155099876,1653274150515010001,1,1653274150515,20.802397,-1,1653,0.13398895,19.60065,17.814613,19.8493,0.1693974,0.024655066,0.032695785,0.1859,284.9600333,-4.6923094,0.86,0.9041945,19.8075,0.2223,436120105.0,True,True,False,correction_0.0.1,0.0,,t17_f5_c3,ZTF18abezbap
ztf,59409.29512730008,1655295120515010003,2,1655295120515,20.18205,-1,1655,0.8419763,18.05725,15.221934,18.0943,0.16835485,100.0,0.012362309,0.0739,284.9598496,-4.6925127,0.48,0.72639036,18.042,0.0848,436120205.0,True,True,False,correction_0.0.1,0.0,,t17_f5_c3,ZTF18abezbap
ztf,59409.315821799915,1655315820515010001,1,1655315820515,20.719875,-1,1655,0.19947611,19.560875,17.822462,19.9966,0.1533585,0.022105264,0.030927328,0.2221,284.9600664,-4.6923377,0.8142857,0.99927664,19.9982,0.2774,436120105.0,True,True,False,correction_0.0.1,0.0,,t17_f5_c3,ZTF18abezbap
ztf,59411.2957175998,1657295710515010001,1,1657295710515,20.473959,-1,1657,0.13177061,19.515905,17.83176,19.7379,0.16336563,0.026899328,0.034634,0.2098,284.9600201,-4.6923047,0.87714285,0.90904856,19.7309,0.2599,436120105.0,True,True,False,correction_0.0.1,0.0,,t17_f5_c3,ZTF18abezbap
ztf,59425.33179400023,1671331790515015050,2,1671331790515,19.6155,1,1671,0.259706,17.2229,14.995604,17.4009,0.118957,100.0,0.015292242,0.06,284.9600201,-4.6924169,0.37,,17.5116,0.082,,False,True,False,correction_1.0.6,0.0,1.681267740515015e+18,t17_f5_c3,ZTF18abezbap
ztf,59435.26774309995,1681267740515015002,2,1681267740515,20.54297,1,1681,0.5583392,17.461224,15.023464,17.568,0.15275055,100.0,0.0161763,0.0383,284.9599597,-4.6924891,0.54571426,0.9685215,17.6787,0.0494,436120205.0,True,True,False,correction_1.0.6,0.0,,t17_f5_c3,ZTF18abezbap
ztf,59441.19031250011,1687190310515015001,2,1687190310515,20.215017,1,1687,0.29943126,17.149973,14.985949,17.3821,0.20267324,0.017218085,0.027617645,0.0402,284.9599359,-4.6923461,0.4157143,0.98139995,17.373,0.0474,436120205.0,True,True,False,correction_1.0.6,0.0,,t17_f5_c3,ZTF18abezbap
ztf,59446.335810199846,1692335810515015002,2,1692335810515,18.500612,1,1692,0.46360582,17.26501,15.000925,17.2233,0.06186513,100.0,0.00768797,0.1062,284.9599091,-4.6924155,0.63285714,0.9987416,17.1847,0.1308,436120205.0,True,True,False,correction_1.0.6,0.0,,t17_f5_c3,ZTF18abezbap
ztf,59458.169097200036,1704169090515010005,1,1704169090515,20.909729,-1,1704,0.074188255,19.51299,17.832378,19.6188,0.18483356,0.032696,0.039312992,0.1328,284.9600287,-4.6923278,0.8471429,0.9575979,19.6776,0.1738,436120105.0,True,True,False,correction_1.0.6,0.0,,t17_f5_c3,ZTF18abezbap
ztf,59460.25259259995,1706252590515010002,1,1706252590515,20.40751,-1,1706,0.2124069,19.50565,17.833946,19.7908,0.20672093,0.03856604,0.044330586,0.221,284.9600605,-4.6923058,0.87142855,0.9999361,19.9989,0.3372,436120105.0,True,True,False,correction_1.0.6,0.0,,t17_f5_c3,ZTF18abezbap
ztf,59464.171979200095,1710171970515020002,1,1710171970515,20.9668,-1,1710,0.051969,19.7529,17.787533,19.9805,0.240198,0.03325661,0.039302755,0.1801,284.9600259,-4.6923374,0.774286,,19.8888,0.2048,,False,True,False,correction_1.0.6,0.0,1.719257160515015e+18,t17_f5_c3,ZTF18abezbap
ztf,59473.25716440007,1719257160515015003,2,1719257160515,19.790691,1,1719,0.3870967,17.40783,15.017684,17.533,0.1548157,100.0,0.017129986,0.0599,284.959918,-4.6923859,0.54571426,0.99123585,17.5075,0.0726,436120205.0,True,True,False,correction_1.0.6,0.0,,t17_f5_c3,ZTF18abezbap
ztf,59476.20615739981,1722206150515015014,2,1722206150515,18.829426,1,1722,0.35290337,16.519438,14.875293,16.6225,0.085601635,100.0,0.018828863,0.0371,284.9600225,-4.6924431,0.56285715,0.8953827,16.6495,0.048,436120205.0,True,True,False,correction_1.0.6,0.0,,t17_f5_c3,ZTF18abezbap
ztf,59478.13561340002,1724135610515015001,1,1724135610515,19.394402,1,1724,0.7231557,19.358196,17.423,19.7782,0.20252107,0.030605832,0.03407154,0.5129,284.9598939,-4.6925094,0.85571426,0.9997101,19.832,0.6901,436120105.0,True,True,False,correction_1.0.6,0.0,,t17_f5_c3,ZTF18abezbap
ztf,59484.233067099936,1730233060515015002,2,1730233060515,20.204758,1,1730,0.036319412,16.837667,14.937726,16.9682,0.12576114,0.00714446,0.021855965,0.0275,284.9600136,-4.692335,0.5957143,0.98280346,16.9218,0.0312,436120205.0,True,True,False,correction_1.0.6,0.0,,t17_f5_c3,ZTF18abezbap
ztf,59497.17480320018,1743174800515015023,2,1743174800515,19.124884,1,1743,0.7430954,17.76569,15.051951,17.7288,0.14280522,100.0,0.011728672,0.0827,284.959864,-4.6924881,0.47714287,0.34215367,17.6547,0.0969,436120205.0,True,True,False,correction_1.0.6,0.0,,t17_f5_c3,ZTF18abezbap
ztf,59502.16928240005,1748169280515015019,2,1748169280515,19.10364,1,1748,0.11108741,17.51063,15.028591,17.7483,0.1968692,100.0,0.02001532,0.0954,284.9599948,-4.6923643,0.43857142,0.03433409,17.681,0.1131,436120205.0,True,True,False,correction_1.0.6,0.0,,t17_f5_c3,ZTF18abezbap
ztf,59504.12877310021,1750128770515015006,2,1750128770515,19.882,1,1750,0.222854,17.8243,15.056649,18.1237,0.237345,100.0,0.01854895,0.0943,284.96004,-4.6924028,0.374286,,18.0736,0.1109,,False,True,False,correction_1.0.6,0.0,1.756115560515015e+18,t17_f5_c3,ZTF18abezbap
ztf,59510.11556709977,1756115560515015002,1,1756115560515,20.19732,1,1756,0.30037862,19.624262,17.463444,19.6699,0.18271968,0.019547997,0.024972266,0.2508,284.9599688,-4.692413,0.9085714,0.9998529,19.5601,0.2866,436120105.0,True,True,False,correction_1.0.6,0.0,,t17_f5_c3,ZTF18abezbap
ztf,59512.11307869991,1758113070515015004,2,1758113070515,20.5116,1,1758,0.327261,17.1756,14.989406,17.3236,0.144971,100.0,0.019355461,0.0312,284.9599482,-4.6924047,0.587143,,17.2975,0.0355,,False,True,False,correction_1.0.6,0.0,1.768166970515015e+18,t17_f5_c3,ZTF18abezbap
ztf,59512.1708217999,1758170820515015001,1,1758170820515,19.5981,1,1758,0.91317,19.5961,17.459549,19.3582,0.216458,0.025988773,0.030251957,0.2906,284.959771,-4.692433,0.718571,,19.515,0.4282,,False,True,False,correction_1.0.6,0.0,1.768166970515015e+18,t17_f5_c3,ZTF18abezbap
ztf,59522.16697920021,1768166970515015005,2,1768166970515,19.345402,1,1768,0.53080994,16.890738,14.946765,16.9129,0.12392884,100.0,0.020681564,0.0382,284.959871,-4.6923886,0.6614286,0.99846846,16.8253,0.0439,436120205.0,True,True,False,correction_1.0.6,0.0,,t17_f5_c3,ZTF18abezbap
ztf,59527.108969899826,1773108960515015005,2,1773108960515,20.069538,1,1773,0.4405586,17.692738,15.045772,17.6911,0.2006235,100.0,0.017522478,0.0559,284.9599163,-4.6924154,0.44285715,0.9934888,17.6953,0.0684,436120205.0,True,True,False,correction_1.0.6,0.0,,t17_f5_c3,ZTF18abezbap
ztf,59529.127696800046,1775127690515015003,2,1775127690515,19.30642,1,1775,0.6378102,17.398487,15.016646,17.3668,0.07077872,100.0,0.007891626,0.0622,284.9598489,-4.6924035,0.7271429,0.9945494,17.3655,0.0779,436120205.0,True,True,False,correction_1.0.6,0.0,,t17_f5_c3,ZTF18abezbap
ztf,59700.47590279998,1946475900515010004,1,1946475900515,20.0643,-1,1946,0.210698,19.5395,17.82682,19.9005,0.192899,0.033393886,0.039834443,0.2827,284.9599997,-4.6922847,0.905714,,20.1191,0.4386,,False,True,False,correction_1.0.6,0.0,1.95542167051501e+18,t17_f5_c3,ZTF18abezbap
ztf,59709.4216781999,1955421670515010004,2,1955421670515,19.913496,-1,1955,0.05511026,17.848692,15.238951,18.1976,0.18672563,100.0,0.016877472,0.0873,284.9600139,-4.6923581,0.40428573,0.9885887,18.2518,0.1131,436120205.0,True,True,False,correction_1.0.6,0.0,,t17_f5_c3,ZTF18abezbap
ztf,59711.45853010006,1957458530515010004,2,1957458530515,19.852982,-1,1957,0.49886426,18.128105,15.216908,18.5296,0.18563862,100.0,0.012711294,0.1178,284.959933,-4.6924553,0.46571428,0.99999404,18.5939,0.1541,436120205.0,True,True,False,correction_1.0.6,0.0,,t17_f5_c3,ZTF18abezbap
ztf,59778.31013889983,2024310130515015003,2,2024310130515,17.910858,1,2024,0.11612579,16.300262,14.823145,16.4109,0.057527926,100.0,0.014758147,0.1091,284.960033,-4.6923732,0.55714285,0.89778304,16.4692,0.147,436120205.0,True,True,False,dev,0.0,,t17_f5_c3,ZTF18abezbap
ztf,59782.31196760014,2028311960515015001,1,2028311960515,20.602812,1,2028,0.26685092,19.246964,17.403471,18.9584,0.13161382,0.019086033,0.024093758,0.0932,284.9599742,-4.6924034,0.86285716,0.9999994,19.0032,0.1207,436120105.0,True,True,False,dev,0.0,,t17_f5_c3,ZTF18abezbap
ztf,59784.30723380018,2030307230515015003,2,2030307230515,20.5469,1,2030,0.262457,17.2397,14.997748,17.5555,0.244094,0.02195213,0.030958246,0.0384,284.9600713,-4.6923958,0.41,,17.6052,0.0465,,False,True,False,dev,0.0,2.032296890515015e+18,t17_f5_c3,ZTF18abezbap
ztf,59784.352812500205,2030352810515015001,1,2030352810515,20.6191,1,2030,0.592568,19.541,17.45168,19.3253,0.171793,0.019812772,0.025077071,0.1275,284.9598686,-4.6924261,0.808571,,19.2953,0.1541,,False,True,False,dev,0.0,2.032296890515015e+18,t17_f5_c3,ZTF18abezbap
ztf,59786.29689810006,2032296890515015002,1,2032296890515,20.886932,1,2032,0.58500993,19.502916,17.446037,19.4706,0.20831876,0.027345438,0.031331174,0.1226,284.9599659,-4.6924988,0.78,0.99993837,19.7378,0.1916,436120105.0,True,True,False,dev,0.0,,t17_f5_c3,ZTF18abezbap
ztf,59802.2959143999,2048295910515015001,1,2048295910515,19.1721,1,2048,0.473561,19.2633,17.406443,19.574,0.225447,0.038006194,0.040766295,0.5518,284.959962,-4.6924638,0.771429,,19.3728,0.5878,,False,True,False,dev,0.0,2.051193990515015e+18,t17_f5_c3,ZTF18abezbap
ztf,59805.193993099965,2051193990515015003,2,2051193990515,20.354652,1,2051,0.07615747,17.246021,14.998548,17.2741,0.1016067,100.0,0.0128213195,0.0328,284.9600393,-4.6923383,0.62,0.99971884,17.347,0.0419,436120205.0,True,True,False,dev,0.0,,t17_f5_c3,ZTF18abezbap
ztf,59805.23304399988,2051233040515015001,1,2051233040515,19.769207,1,2051,0.28772795,19.36346,17.423883,19.2834,0.18244347,0.026646135,0.030570159,0.2494,284.9600324,-4.6924223,0.78,0.99713194,19.1517,0.2813,436120105.0,True,True,False,dev,0.0,,t17_f5_c3,ZTF18abezbap
ztf,59807.24101850018,2053241010515015001,1,2053241010515,20.119411,1,2053,0.15177427,18.955738,17.343983,18.8301,0.13261244,0.026634011,0.030052627,0.115,284.9599894,-4.6923724,0.8842857,0.9999988,18.88,0.152,436120105.0,True,True,False,dev,0.0,,t17_f5_c3,ZTF18abezbap
ztf,59807.276481499895,2053276480515015003,2,2053276480515,20.249775,1,2053,0.18187788,16.890694,14.946757,16.9803,0.124604546,100.0,0.020795029,0.0269,284.960004,-4.6923959,0.6357143,0.999817,16.9576,0.0313,436120205.0,True,True,False,dev,0.0,,t17_f5_c3,ZTF18abezbap
ztf,59809.27253470011,2055272530515015005,2,2055272530515,20.45463,1,2055,0.0606074,16.719118,14.916172,16.8456,0.13355775,0.015300632,0.025379946,0.0213,284.9600096,-4.6923612,0.5057143,0.99690104,16.863,0.0253,436120205.0,True,True,False,dev,0.0,,t17_f5_c3,ZTF18abezbap
ztf,59809.31829860015,2055318290515015009,1,2055318290515,19.533825,1,2055,0.45933238,18.799042,17.306438,18.5966,0.12592785,0.028869506,0.0318479,0.1322,284.9599438,-4.6924506,0.8757143,0.99997777,18.6376,0.1748,436120105.0,True,True,False,dev,0.0,,t17_f5_c3,ZTF18abezbap
ztf,59812.19216440013,2058192160515015002,2,2058192160515,20.49506,1,2058,0.22255258,16.831678,14.936683,16.8864,0.09347154,100.0,0.01631854,0.0218,284.9599892,-4.6924015,0.6314286,0.9999883,16.8795,0.0251,436120205.0,True,True,False,dev,0.0,,t17_f5_c3,ZTF18abezbap
ztf,59812.25028940011,2058250280515015002,1,2058250280515,20.626629,1,2058,0.17852399,19.017736,17.357727,18.947,0.13038082,0.024495052,0.028262448,0.0906,284.9600148,-4.6923912,0.9257143,1.0,18.9633,0.1141,436120105.0,True,True,False,dev,0.0,,t17_f5_c3,ZTF18abezbap
ztf,59814.25034719985,2060250340515015003,2,2060250340515,20.4721,1,2060,0.32021,16.8913,14.946859,17.0724,0.133557,0.007903425,0.022278734,0.0256,284.9599283,-4.6923612,0.501429,,17.1261,0.0315,,False,True,False,dev,0.0,2.062172400515015e+18,t17_f5_c3,ZTF18abezbap
ztf,59816.17240739986,2062172400515015002,2,2062172400515,20.479412,1,2062,0.8638173,17.37812,15.014357,17.5683,0.18313235,100.0,0.020761542,0.0396,284.9602561,-4.6923987,0.39857143,0.2227976,17.7576,0.0576,436120205.0,True,True,False,dev,0.0,,t17_f5_c3,ZTF18abezbap
ztf,59985.55839119991,2231558390515010003,2,2231558390515,18.660503,-1,2231,1.4588261,18.281301,,18.8891,0.18013522,,,0.3025,284.9596934,-4.6925958,0.36285713,0.99521804,18.8888,0.3838,436120205.0,True,False,True,1.1.6,0.0,,t17_f5_c3,ZTF18abezbap
ztf,60109.35499999998,2355355000515015004,2,2355355000515,20.2924,1,2355,0.113055,17.9305,15.064585,17.8987,0.166402,100.0,0.011879341,0.0562,284.9600394,-4.6923691,0.477143,,17.9325,0.0694,,False,True,False,1.2.0,0.0,2.360337250515015e+18,t17_f5_c3,ZTF18abezbap
ztf,60114.337256900035,2360337250515015005,2,2360337250515,20.59801,1,2360,0.13473076,17.107256,14.980028,17.2261,0.121141344,100.0,0.017076587,0.0273,284.9600518,-4.6923646,0.63,0.9994081,17.2456,0.0321,436120205.0,True,True,False,1.2.0,0.0,,t17_f5_c3,ZTF18abezbap
ztf,60114.3980208002,2360398020515015001,1,2360398020515,20.214245,1,2360,0.4682991,19.459871,17.439453,19.4231,0.13304393,0.014041313,0.020693207,0.1526,284.959929,-4.6924458,0.7785714,0.9999659,19.4667,0.1997,436120105.0,True,True,False,1.2.0,0.0,,t17_f5_c3,ZTF18abezbap
ztf,60117.333368100226,2363333360515015001,1,2363333360515,20.5146,1,2363,0.143019,19.1065,17.37636,19.0046,0.12516,0.021004105,0.02543368,0.1009,284.9599769,-4.6923288,0.921429,,18.9174,0.116,,False,True,False,1.2.0,0.0,2.363368630515015e+18,t17_f5_c3,ZTF18abezbap
ztf,60117.36863429984,2363368630515015005,2,2363368630515,20.38814,1,2363,0.15970342,16.879435,14.944871,16.9092,0.10207489,100.0,0.017182777,0.0226,284.9600145,-4.6923885,0.6514286,0.99986935,16.8941,0.0261,436120205.0,True,True,False,1.2.0,0.0,,t17_f5_c3,ZTF18abezbap
ztf,60120.336909700185,2366336900515015002,1,2366336900515,20.375422,1,2366,0.17941962,18.886871,17.32799,18.9098,0.08607177,0.015206065,0.020478968,0.0997,284.959979,-4.6923807,0.9185714,0.9999999,18.9474,0.1291,436120105.0,True,True,False,1.2.0,0.0,,t17_f5_c3,ZTF18abezbap
ztf,60120.395949100144,2366395940515015002,2,2366395940515,20.437243,1,2366,0.03952582,16.779634,14.927416,16.8137,0.0873318,100.0,0.01585933,0.0203,284.9600208,-4.6923537,0.6585714,0.99999464,16.8065,0.0236,436120205.0,True,True,False,1.2.0,0.0,,t17_f5_c3,ZTF18abezbap
ztf,60122.28012729995,2368280120515015022,2,2368280120515,19.583754,1,2368,0.25863197,16.314934,14.82689,16.3837,0.07948258,0.0077221817,0.020186195,0.0194,284.9600641,-4.6923979,0.6542857,0.9865215,16.3767,0.0234,436120205.0,True,True,False,1.2.0,0.0,,t17_f5_c3,ZTF18abezbap
ztf,60122.40053239977,2368400530515015003,1,2368400530515,20.4235,1,2368,0.077098124,19.002111,17.35432,18.866,0.12413628,0.023303483,0.027213369,0.0922,284.9600196,-4.6923638,0.8385714,0.9999998,18.8947,0.118,436120105.0,True,True,False,1.2.0,0.0,,t17_f5_c3,ZTF18abezbap
ztf,60124.39924769988,2370399240515015001,1,2370399240515,20.274582,1,2370,0.31026992,19.015812,17.35731,19.029,0.13247907,0.025067294,0.02875717,0.1167,284.9599807,-4.6924202,0.9071429,0.99999905,19.0624,0.1512,436120105.0,True,True,False,1.2.0,0.0,,t17_f5_c3,ZTF18abezbap
ztf,60124.45637729997,2370456370515015003,2,2370456370515,19.891798,1,2370,0.42851406,16.727144,14.917693,16.5632,0.10483944,100.0,0.019803599,0.0206,284.9599773,-4.6924572,0.66,0.9999956,16.5781,0.0251,436120205.0,True,True,False,1.2.0,0.0,,t17_f5_c3,ZTF18abezbap
ztf,60128.33599539986,2374335990515015003,2,2374335990515,18.9084,1,2374,0.506712,16.9435,14.955395,16.9593,0.061727,100.0,0.009890833,0.0644,284.959878,-4.6923701,0.684286,,16.9085,0.0781,,False,True,False,1.2.0,0.0,2.380423910515015e+18,t17_f5_c3,ZTF18abezbap
ztf,60134.42391199991,2380423910515015004,2,2380423910515,20.381886,1,2380,0.38416138,17.333912,15.0092535,17.3895,0.113478735,100.0,0.013336783,0.0351,284.9599317,-4.6924089,0.6528571,0.9473758,17.3962,0.0418,436120205.0,True,True,False,1.2.0,0.0,,t17_f5_c3,ZTF18abezbap
ztf,60161.38120369986,2407381200515015001,1,2407381200515,19.5262,1,2407,0.819382,19.6181,17.462597,19.468,0.210315,0.024356062,0.028884813,0.351,284.959791,-4.6924087,0.827143,,19.3169,0.3904,,False,True,False,1.2.0,0.0,2.409253260515015e+18,t17_f5_c3,ZTF18abezbap
ztf,60163.25326390006,2409253260515015002,2,2409253260515,20.596647,1,2409,0.069642104,17.237652,14.997488,17.2745,0.14536123,100.0,0.018466428,0.0281,284.9600256,-4.6923622,0.55714285,0.99193084,17.3017,0.0337,436120205.0,True,True,False,1.2.0,0.0,,t17_f5_c3,ZTF18abezbap
ztf,60163.31533560017,2409315330515015002,1,2409315330515,20.093761,1,2409,0.33368745,19.61151,17.46169,19.9005,0.21134377,0.024711752,0.029178461,0.3163,284.9599453,-4.6924064,0.8542857,0.9999021,20.0861,0.476,436120105.0,True,True,False,1.2.0,0.0,,t17_f5_c3,ZTF18abezbap
ztf,60181.255636599846,2427255630515015007,2,2427255630515,19.6826,1,2427,0.320096,17.507,15.028223,18.0471,0.240308,0.009821946,0.02450515,0.0919,284.9599778,-4.6924242,0.352857,,18.1234,0.1223,,False,True,False,1.2.1,0.0,2.447151140515015e+18,t17_f5_c3,ZTF18abezbap
ztf,60193.2894444,2439289440515015004,2,2439289440515,20.1014,1,2439,0.252122,17.2651,15.000937,17.5864,0.224466,0.017281767,0.02789236,0.0495,284.959963,-4.6923875,0.454286,,17.6257,0.0623,,False,True,False,1.2.1,0.0,2.447151140515015e+18,t17_f5_c3,ZTF18abezbap
ztf,60201.15114580002,2447151140515015005,2,2447151140515,20.563978,1,2447,0.24399811,17.425814,15.01966,17.5209,0.19313684,100.0,0.021057338,0.0362,284.9600439,-4.6924086,0.42857143,0.9963138,17.4897,0.0407,436120205.0,True,True,False,1.2.1,0.0,,t17_f5_c3,ZTF18abezbap
ztf,60201.15114580002,2447151140515035005,2,2447151140515,20.564,1,2447,0.243998,17.4258,15.019659,17.5209,0.193137,100.0,0.021057604,0.0362,284.9600439,-4.6924086,0.428571,,17.4897,0.0407,,False,True,False,1.2.1,0.0,2.451138660515015e+18,t17_f5_c3,ZTF18abezbap
ztf,60201.19375000009,2447193740515015002,1,2447193740515,20.584675,1,2447,0.5106978,19.543167,17.451996,19.5419,0.16720684,0.018901192,0.024366084,0.1608,284.959927,-4.6924552,0.8657143,0.9999888,19.5612,0.2037,436120105.0,True,True,False,1.2.1,0.0,,t17_f5_c3,ZTF18abezbap
ztf,60201.19375000009,2447193740515035002,1,2447193740515,20.5847,1,2447,0.510698,19.5432,17.452,19.5419,0.167207,0.018900316,0.02436545,0.1608,284.959927,-4.6924552,0.865714,,19.5612,0.2037,,False,True,False,1.2.1,0.0,2.451138660515015e+18,t17_f5_c3,ZTF18abezbap
ztf,60205.13866900001,2451138660515015001,1,2451138660515,20.781946,1,2451,0.18729368,19.49018,17.444113,19.2734,0.16359307,0.019609027,0.024850667,0.1067,284.9600148,-4.692394,0.81857145,0.9999996,19.2743,0.1317,436120105.0,True,True,False,1.2.1,0.0,,t17_f5_c3,ZTF18abezbap
ztf,60212.170648099855,2458170640515015006,2,2458170640515,20.121422,1,2458,0.30228642,16.905264,14.949176,17.1334,0.15320668,0.014266647,0.025283806,0.0334,284.9599642,-4.6924077,0.45714286,0.9901923,17.1228,0.0398,436120205.0,True,True,False,1.2.1,0.0,,t17_f5_c3,ZTF18abezbap
ztf,60214.170057899784,2460170050515015005,2,2460170050515,19.60403,1,2460,0.05979278,16.818977,14.934455,16.8886,0.08259173,100.0,0.014558868,0.0361,284.9600288,-4.6923572,0.77,0.99996483,16.8891,0.045,436120205.0,True,True,False,1.2.1,0.0,,t17_f5_c3,ZTF18abezbap
ztf,60216.19577550003,2462195770515015000,1,2462195770515,19.2818,1,2462,0.570027,19.3345,17.418976,18.9288,0.225392,0.035615083,0.03861259,0.2759,284.9598777,-4.692431,0.727143,,18.6072,0.2631,,False,True,False,1.2.1,0.0,2.466191120515015e+18,t17_f5_c3,ZTF18abezbap
ztf,60220.191122699995,2466191120515015001,1,2466191120515,19.330126,1,2466,0.38387927,19.03488,17.36142,19.2502,0.17215708,0.034036074,0.036858775,0.2765,284.9600121,-4.69245,0.8685714,0.999375,19.0665,0.2985,436120105.0,True,True,False,1.2.1,0.0,,t17_f5_c3,ZTF18abezbap
ztf,60222.12761570001,2468127610515015013,2,2468127610515,19.711943,1,2468,0.0674738,16.479153,14.8663025,16.5543,0.07297596,100.0,0.016521133,0.0216,284.9599999,-4.6923473,0.6842857,0.9987793,16.5186,0.0255,436120205.0,True,True,False,1.2.1,0.0,,t17_f5_c3,ZTF18abezbap
ztf,60222.12761570001,2468127610515025013,2,2468127610515,19.7119,1,2468,0.067474,16.4792,14.866314,16.5543,0.072976,100.0,0.016520591,0.0216,284.9599999,-4.6923473,0.684286,,16.5186,0.0255,,False,True,False,1.2.1,0.0,2.470170250515015e+18,t17_f5_c3,ZTF18abezbap
ztf,60224.17025459977,2470170250515015002,2,2470170250515,20.342781,1,2470,0.08440292,16.64486,14.901665,17.2719,0.022889711,100.0,0.004595813,0.0319,284.960032,-4.6923265,0.46857142,0.9985717,17.2384,0.0367,436120205.0,True,True,False,1.2.1,0.0,,t17_f5_c3,ZTF18abezbap
ztf,60224.17025459977,2470170250515015003,2,2470170250515,20.342781,1,2470,0.23454505,16.623962,14.897436,16.6627,0.08529188,100.0,0.017389907,0.0195,284.9600367,-4.692407,0.69,0.99950206,16.7235,0.0243,436120205.0,True,True,False,1.2.1,0.0,,t17_f5_c3,ZTF18abezbap
ztf,60227.149536999874,2473149530515015003,2,2473149530515,20.220877,1,2473,0.2515956,16.455568,14.860918,16.5336,0.08038607,100.0,0.018506352,0.0182,284.9599757,-4.6924003,0.69285715,0.99995846,16.56,0.0223,436120205.0,True,True,False,1.2.1,0.0,,t17_f5_c3,ZTF18abezbap
ztf,60227.19087960012,2473190870515015001,1,2473190870515,19.780085,1,2473,0.5551536,18.668505,17.271914,18.7211,0.08299309,0.018870382,0.022930084,0.1374,284.9599108,-4.6924598,0.92142856,0.9999966,18.6252,0.1598,436120105.0,True,True,False,1.2.1,0.0,,t17_f5_c3,ZTF18abezbap
ztf,60231.14500000002,2477144990515015003,2,2477144990515,20.17543,1,2477,0.23170358,16.457745,14.861419,16.4932,0.06849795,100.0,0.015745169,0.0183,284.9599663,-4.6923795,0.72,0.9999893,16.4723,0.0215,436120205.0,True,True,False,1.2.1,0.0,,t17_f5_c3,ZTF18abezbap
ztf,60233.11945600016,2479119450515015001,1,2479119450515,19.990805,1,2479,0.18103817,18.568686,17.243404,18.5982,0.11919834,0.03279987,0.035168838,0.0949,284.9599909,-4.6923879,0.9285714,0.9999995,18.6421,0.1246,436120105.0,True,True,False,1.2.1,0.0,,t17_f5_c3,ZTF18abezbap
ztf,60235.15333329979,2481153330515015001,1,2481153330515,19.8164,1,2481,0.120965,18.802,17.307186,18.842,0.129616,0.029817974,0.03271393,0.1407,284.9599793,-4.6923489,0.932857,,18.9805,0.2028,,False,True,False,1.2.1,0.0,2.483128640515015e+18,t17_f5_c3,ZTF18abezbap
ztf,60237.128645800054,2483128640515015001,1,2483128640515,20.054287,1,2483,0.42583486,18.654917,17.268143,18.7834,0.10060096,0.024862293,0.028047392,0.1214,284.9599287,-4.6924332,0.91571426,0.99999785,18.7424,0.1477,436120105.0,True,True,False,1.2.1,0.0,,t17_f5_c3,ZTF18abezbap
ztf,60237.182141200174,2483182140515015002,2,2483182140515,19.659664,1,2483,0.25076142,16.456259,14.861077,16.6083,0.0875796,0.00597203,0.020152565,0.0272,284.9599593,-4.6923836,0.75285715,0.9997037,16.6351,0.0344,436120205.0,True,True,False,1.2.1,0.0,,t17_f5_c3,ZTF18abezbap
ztf,60239.12229169998,2485122290515015002,2,2485122290515,19.994358,1,2485,0.10665339,16.560225,14.884133,16.6231,0.080530465,100.0,0.01719982,0.0225,284.9600139,-4.692375,0.6757143,0.99999833,16.6319,0.0276,436120205.0,True,True,False,1.2.1,0.0,,t17_f5_c3,ZTF18abezbap
ztf,60239.12229169998,2485122290515025002,2,2485122290515,19.9944,1,2485,0.106653,16.5602,14.88413,16.6231,0.08053,100.0,0.017200042,0.0225,284.9600139,-4.692375,0.675714,,16.6319,0.0276,,False,True,False,1.2.1,0.0,2.488114640515015e+18,t17_f5_c3,ZTF18abezbap
ztf,60239.148587999865,2485148580515015000,1,2485148580515,19.587934,1,2485,0.20452672,18.77334,17.299881,18.7896,0.12997222,0.030669188,0.033455465,0.1657,284.95999,-4.6923937,0.9257143,0.99999785,18.8257,0.2186,436120105.0,True,True,False,1.2.1,0.0,,t17_f5_c3,ZTF18abezbap
ztf,60242.11464119982,2488114640515015004,2,2488114640515,19.696976,1,2488,0.33011645,16.71702,14.915773,16.5843,0.06987215,100.0,0.013298582,0.0262,284.9599524,-4.6924093,0.7385714,0.9999994,16.5496,0.0312,436120205.0,True,True,False,1.2.1,0.0,,t17_f5_c3,ZTF18abezbap
ztf,60242.13197920006,2488131970515015002,1,2488131970515,19.66612,1,2488,0.17302905,18.68089,17.275322,18.6813,0.14406817,0.037251107,0.03947671,0.159,284.9599794,-4.6923791,0.88,0.99994373,18.5287,0.176,436120105.0,True,True,False,1.2.1,0.0,,t17_f5_c3,ZTF18abezbap
ztf,60245.113911999855,2491113910515015000,1,2491113910515,19.269854,1,2491,0.30071798,18.642115,17.264559,18.7836,0.10073792,0.025197104,0.028325034,0.2274,284.9599684,-4.6924155,0.9057143,0.99998635,18.8186,0.3003,436120105.0,True,True,False,1.2.1,0.0,,t17_f5_c3,ZTF18abezbap
ztf,60245.152326399926,2491152320515015004,2,2491152320515,19.203787,1,2491,0.34179208,16.57849,14.888009,16.548,0.04424783,100.0,0.009326096,0.0352,284.959956,-4.6924194,0.8242857,1.0,16.5644,0.045,436120205.0,True,True,False,1.2.1,0.0,,t17_f5_c3,ZTF18abezbap
ztf,60249.111840299796,2495111840515015000,1,2495111840515,19.572475,1,2495,0.41041568,18.659714,17.269478,18.5769,0.13097255,0.033998944,0.03639871,0.1102,284.9600014,-4.6924559,0.7014286,0.99999166,18.6426,0.1484,436120105.0,True,True,False,1.2.1,0.0,,t17_f5_c3,ZTF18abezbap
ztf,60251.11031250004,2497110310515015001,1,2497110310515,19.933098,1,2497,0.28837305,18.884804,17.327497,18.8856,0.09998533,0.019483002,0.023823949,0.1355,284.9600095,-4.6924221,0.86,0.9999999,18.9242,0.1775,436120105.0,True,True,False,1.2.1,0.0,,t17_f5_c3,ZTF18abezbap
ztf,60351.565196800046,2597565194115010008,2,2597565194115,18.75916,-1,2597,0.7533985,17.370651,15.117376,17.7425,0.09650688,100.0,0.012112901,0.126,284.9598402,-4.6924778,0.48714286,0.98457795,17.904,0.1858,1430120241.0,True,True,False,23.12.x,0.0,,t17_f5_c3,ZTF18abezbap
ztf,60387.47372689983,2633473720515015000,1,2633473720515,19.582535,1,2633,0.48638445,18.759233,17.296232,18.5436,0.14045656,0.033986438,0.03650411,0.113,284.9601219,-4.6924238,0.79571426,0.99999285,18.5612,0.1457,436120105.0,True,True,False,23.12.x,0.0,,t17_f5_c3,ZTF18abezbap
ztf,60387.5181828998,2633518180515015004,2,2633518180515,18.3843,1,2633,0.430537,16.5093,14.873055,16.9178,0.108938,0.014278129,0.024136905,0.0853,284.9600965,-4.6924369,0.585714,,17.0044,0.1167,,False,True,False,23.12.x,0.0,2.635469320515015e+18,t17_f5_c3,ZTF18abezbap
ztf,60387.5181828998,2633518180515025004,2,2633518180515,18.384274,1,2633,0.43053707,16.509312,14.873057,16.9178,0.10893763,0.01427756,0.024136607,0.0853,284.9600965,-4.6924369,0.5857143,0.95825994,17.0044,0.1167,436120205.0,True,True,False,23.12.x,0.0,,t17_f5_c3,ZTF18abezbap
ztf,60389.4693287001,2635469320515015001,1,2635469320515,19.10406,1,2635,0.27591577,18.499159,17.222425,18.4696,0.16003461,0.047782067,0.049376488,0.1522,284.9599515,-4.6923892,0.7757143,0.99084693,18.3828,0.1795,436120105.0,True,True,False,23.12.x,0.0,,t17_f5_c3,ZTF18abezbap
ztf,60391.478761599865,2637478760515015009,2,2637478760515,19.289597,1,2637,0.4061553,16.691555,14.91088,16.642,0.050390206,100.0,0.009774087,0.0327,284.960097,-4.6924262,0.70285714,0.9999478,16.6128,0.0399,436120205.0,True,True,False,23.12.x,0.0,,t17_f5_c3,ZTF18abezbap
ztf,60391.507418999914,2637507410515015000,1,2637507410515,19.595865,1,2637,0.11112775,18.516657,17.227793,18.7,0.08571078,0.022965824,0.026151104,0.1539,284.9600376,-4.6923599,0.93142855,0.99999917,18.6576,0.1885,436120105.0,True,True,False,23.12.x,0.0,,t17_f5_c3,ZTF18abezbap
ztf,60397.44125000015,2643441250515015012,2,2643441250515,18.559263,1,2643,0.37824622,16.792545,14.929749,16.7323,0.04534427,100.0,0.00815462,0.0629,284.9600976,-4.6924156,0.7114286,0.9873426,16.7254,0.0796,436120205.0,True,True,False,23.12.x,0.0,,t17_f5_c3,ZTF18abezbap
ztf,60423.45671299985,2669456710515010005,2,2669456710515,19.8086,-1,2669,0.592506,18.4874,15.196163,18.6847,0.240481,100.0,0.011603424,0.1647,284.9598983,-4.6924575,0.361429,,18.7647,0.2205,,False,True,False,24.4.1,0.0,2.69133983051501e+18,t17_f5_c3,ZTF18abezbap
ztf,60430.44304399984,2676443040515010003,2,2676443040515,20.018147,-1,2676,0.42545697,17.92102,15.232644,18.2104,0.19764967,100.0,0.016616736,0.0899,284.9599157,-4.6924049,0.5285714,0.6511662,18.2781,0.1175,436120205.0,True,True,False,24.4.1,0.0,,t17_f5_c3,ZTF18abezbap
ztf,60445.339838000014,2691339830515010003,2,2691339830515,19.839046,-1,2691,1.2913347,18.316608,15.205124,18.3223,0.09821348,100.0,0.0055921297,0.1073,284.9600665,-4.6927041,0.50857145,0.91131455,18.428,0.1457,436120205.0,True,True,False,24.4.1,0.0,,t17_f5_c3,ZTF18abezbap
ztf,60455.39697920019,2701396970515015029,2,2701396970515,18.730991,1,2701,0.32069933,17.422098,15.019254,17.656,0.17789187,100.0,0.019454423,0.1059,284.9601058,-4.6923641,0.5271429,0.0786027,17.703,0.1404,436120205.0,True,True,False,24.4.1,0.0,,t17_f5_c3,ZTF18abezbap
ztf,60476.33765049977,2722337650515010002,2,2722337650515,20.1271,-1,2722,0.235772,17.5771,15.267207,17.6953,0.093546,100.0,0.011144689,0.0504,284.9600153,-4.6922777,0.681429,,17.6382,0.0585,,False,True,False,24.5.1,0.0,2.72938009051501e+18,t17_f5_c3,ZTF18abezbap
ztf,60479.337511599995,2725337510515010003,2,2725337510515,19.829865,-1,2725,0.10149477,17.405283,15.289615,17.5031,0.10010975,100.0,0.014262936,0.0515,284.9600468,-4.6923423,0.71428573,0.9995909,17.5108,0.0639,436120205.0,True,True,False,24.5.1,0.0,,t17_f5_c3,ZTF18abezbap
ztf,60479.39673609985,2725396730515010000,1,2725396730515,19.7663,-1,2725,0.035127103,19.312096,17.880362,19.7247,0.18393512,0.043591194,0.049200688,0.282,284.9600193,-4.6923373,0.8528572,0.999964,19.5853,0.3163,436120105.0,True,True,False,24.5.1,0.0,,t17_f5_c3,ZTF18abezbap
ztf,60481.33680560021,2727336800515010002,2,2727336800515,19.783678,-1,2727,0.05845972,17.298744,15.305681,17.3845,0.11015435,100.0,0.01757019,0.0497,284.9600028,-4.6923509,0.6042857,0.8988095,17.3805,0.062,436120205.0,True,True,False,24.5.1,0.0,,t17_f5_c3,ZTF18abezbap
ztf,60483.3346644002,2729334660515010002,2,2729334660515,18.9085,-1,2729,0.341301,17.8095,15.242565,18.0413,0.104077,100.0,0.00978545,0.1488,284.960006,-4.6922486,0.581429,,18.0358,0.1883,,False,True,False,24.5.1,0.0,2.72938009051501e+18,t17_f5_c3,ZTF18abezbap
ztf,60483.380092599895,2729380090515010000,1,2729380090515,19.188417,-1,2729,0.19012429,19.24765,17.89827,18.9546,0.19049051,0.04983636,0.054969393,0.2948,284.9599669,-4.6923703,0.8742857,0.99862766,19.0948,0.4302,436120105.0,True,True,False,24.5.1,0.0,,t17_f5_c3,ZTF18abezbap
ztf,60517.274155099876,2763274150515010001,2,2763274150515,19.9578,-1,2763,0.273197,17.6209,15.262105,17.5996,0.148179,100.0,0.016875986,0.0533,284.960001,-4.6922667,0.608571,,17.5434,0.0623,,False,True,False,24.5.1,0.0,2.77627101051501e+18,t17_f5_c3,ZTF18abezbap
ztf,60519.29458330013,2765294580515010003,2,2765294580515,20.584757,-1,2765,0.07257377,17.350569,15.297639,17.4704,0.07128514,100.0,0.010760368,0.0325,284.9600167,-4.6923632,0.57857144,0.85971,17.4061,0.0363,436120205.0,True,True,False,24.5.1,0.0,,t17_f5_c3,ZTF18abezbap
ztf,60521.27682870021,2767276820515010002,2,2767276820515,20.5892,-1,2767,0.104725,17.4944,15.2774935,17.4868,0.199557,100.0,0.02590028,0.0333,284.9600123,-4.6923151,0.478571,,17.4793,0.0388,,False,True,False,24.5.1,0.0,2.77627101051501e+18,t17_f5_c3,ZTF18abezbap
ztf,60524.31835650001,2770318350515010000,1,2770318350515,20.553642,-1,2770,0.33433968,19.612494,17.812342,19.8931,0.18079412,0.02696717,0.034444816,0.223,284.9601042,-4.6923666,0.88857144,0.99039274,19.8578,0.2705,436120105.0,True,True,False,24.5.1,0.0,,t17_f5_c3,ZTF18abezbap
ztf,60526.332245400175,2772332240515010001,1,2772332240515,20.18903,-1,2772,0.37528026,19.529602,17.828878,19.3802,0.14961173,0.02241341,0.0312375,0.1665,284.9601228,-4.6923512,0.91714287,0.9999891,19.3625,0.2075,436120105.0,True,True,False,24.5.1,0.0,,t17_f5_c3,ZTF18abezbap
ztf,60530.271018499974,2776271010515010001,1,2776271010515,20.238415,-1,2776,0.25222495,19.68549,17.798975,20.0518,0.186884,0.025163833,0.032882612,0.309,284.9600814,-4.6923338,0.85142857,0.9988978,19.9322,0.3493,436120105.0,True,True,False,24.5.1,0.0,,t17_f5_c3,ZTF18abezbap
ztf,60592.17054399988,2838170540515010000,1,2838170540515,20.093504,-1,2838,0.21733646,19.386396,17.86132,19.7674,0.1612547,0.032619715,0.03958055,0.28,284.9600659,-4.6923066,0.8585714,0.9997312,19.7758,0.3587,436120105.0,True,True,False,24.5.1,0.0,,t17_f5_c3,ZTF18abezbap
ztf,60594.112939800136,2840112930515010007,2,2840112930515,19.9988,-1,2840,0.488153,17.8261,15.241017,17.9208,0.12118,100.0,0.011204643,0.0714,284.9600418,-4.6922097,0.618571,,17.8339,0.081,,False,True,False,25.0.0,0.0,2.86909576051501e+18,t17_f5_c3,ZTF18abezbap
ztf,60609.13068290008,2855130680515015001,2,2855130680515,19.879,1,2855,0.831268,17.5769,15.035149,17.8093,0.138343,100.0,0.013312399,0.0683,284.9597992,-4.692425,0.428571,,17.8413,0.0866,,False,True,False,25.0.0,0.0,2.86909576051501e+18,t17_f5_c3,ZTF18abezbap
ztf,60619.11013890011,2865110130515010001,1,2865110130515,19.506,-1,2865,0.306732,19.5234,17.830175,19.4405,0.258976,0.049898587,0.054446522,0.254,284.9600735,-4.6924022,0.808571,,19.6398,0.3899,,False,True,False,25.0.0,0.0,2.86909576051501e+18,t17_f5_c3,ZTF18abezbap
ztf,60623.09576389985,2869095760515010003,1,2869095760515,19.746838,-1,2869,0.28605372,19.063925,17.95763,19.2161,0.10839632,0.030511133,0.039128795,0.2282,284.9600932,-4.6923419,0.92285717,0.99953437,19.182,0.2823,436120105.0,True,True,False,25.0.0,0.0,,t17_f5_c3,ZTF18abezbap
ztf,60756.51648150012,3002516480515015005,2,3002516480515,19.747295,1,3002,0.09711958,17.28784,15.0037365,17.586,0.18689935,0.006173529,0.022801653,0.0615,284.9600246,-4.692369,0.46714285,0.9229233,17.6055,0.0777,436120205.0,True,True,False,26.0.1,0.0,,t17_f5_c3,ZTF18abezbap
ztf,60804.44025459979,3050440250515010001,1,3050440250515,19.701132,-1,3050,0.08539143,19.674547,17.80091,19.9029,0.20078428,0.028782127,0.03574996,0.3914,284.9600349,-4.6923442,0.87,0.99972713,19.6817,0.4079,436120105.0,True,True,False,27.5.6,0.0,,t17_f5_c3,ZTF18abezbap
ztf,60810.45016200002,3056450160515010003,1,3056450160515,19.293798,-1,3056,0.2317404,19.1056,17.94297,18.9802,0.17131796,0.053510137,0.05871524,0.246,284.960054,-4.6923914,0.9285714,0.99998003,18.9066,0.2945,436120105.0,True,True,False,27.5.6,0.0,,t17_f5_c3,ZTF18abezbap
ztf,60815.434155100025,3061434150515010008,2,3061434150515,20.3443,-1,3061,0.255984,17.3637,15.295671,17.4419,0.11759,100.0,0.017504862,0.0368,284.959947,-4.6923631,0.587143,,17.4295,0.0436,,False,True,False,27.5.6,0.0,3.06143964051501e+18,t17_f5_c3,ZTF18abezbap
ztf,60815.439641200006,3061439640515010002,1,3061439640515,20.093557,-1,3061,0.1425796,19.430292,17.850811,19.6615,0.14157107,0.02448301,0.033050824,0.2515,284.9600476,-4.6923605,0.89285713,0.99997705,19.6264,0.3097,436120105.0,True,True,False,27.5.6,0.0,,t17_f5_c3,ZTF18abezbap
ztf,60844.359768500086,3090359760515010004,2,3090359760515,20.1416,-1,3090,0.333293,17.7142,15.251971,17.7206,0.122783,100.0,0.012712967,0.0525,284.9599602,-4.6922701,0.581429,,17.7877,0.0672,,False,True,False,27.5.6,0.0,3.10841341051501e+18,t17_f5_c3,ZTF18abezbap
ztf,60847.376296299975,3093376290515010002,1,3093376290515,20.1979,-1,3093,0.069027,19.4521,17.84578,19.7096,0.163424,0.029950073,0.037220966,0.2087,284.9600105,-4.692322,0.897143,,19.7792,0.2809,,False,True,False,27.5.6,0.0,3.10841341051501e+18,t17_f5_c3,ZTF18abezbap
ztf,60849.39954859996,3095399540515010005,1,3095399540515,20.717737,-1,3095,0.036005303,19.205132,17.910854,19.3679,0.13101764,0.032117374,0.03977581,0.1205,284.9600194,-4.6923329,0.9257143,0.99965596,19.4142,0.1561,436120105.0,True,True,False,27.5.6,0.0,,t17_f5_c3,ZTF18abezbap
ztf,60852.34810189996,3098348100515010003,2,3098348100515,20.459179,-1,3098,0.29365385,17.314234,15.303231,17.2181,0.21439187,0.017172558,0.03363622,0.0289,284.9600317,-4.6924237,0.49142858,0.71953446,17.2077,0.0341,436120205.0,True,True,False,27.5.6,0.0,,t17_f5_c3,ZTF18abezbap
ztf,60852.34810189996,3098348100515020003,2,3098348100515,20.4592,-1,3098,0.293654,17.3142,15.303237,17.2181,0.214392,0.017174827,0.033637505,0.0289,284.9600317,-4.6924237,0.491429,,17.2077,0.0341,,False,True,False,27.5.6,0.0,3.10841341051501e+18,t17_f5_c3,ZTF18abezbap
ztf,60852.37928240001,3098379280515010001,1,3098379280515,20.456068,-1,3098,0.14598437,19.282436,17.888435,19.4075,0.14991441,0.034575723,0.041518603,0.1541,284.9600457,-4.6923173,0.9285714,0.9967946,19.4285,0.1971,436120105.0,True,True,False,27.5.6,0.0,,t17_f5_c3,ZTF18abezbap
ztf,60852.37928240001,3098379280515020001,1,3098379280515,20.4561,-1,3098,0.145984,19.2824,17.888443,19.4075,0.149914,0.034577467,0.041520163,0.1541,284.9600457,-4.6923173,0.928571,,19.4285,0.1971,,False,True,False,27.5.6,0.0,3.10841341051501e+18,t17_f5_c3,ZTF18abezbap
ztf,60854.295277799945,3100295270515010004,1,3100295270515,20.6946,-1,3100,0.122940555,19.380638,17.862738,19.3685,0.14359778,0.027476637,0.035480335,0.1227,284.9600374,-4.6923693,0.9242857,0.99997485,19.2289,0.1348,436120105.0,True,True,False,27.5.6,0.0,,t17_f5_c3,ZTF18abezbap
ztf,60854.3582175998,3100358210515010007,2,3100358210515,20.558228,-1,3100,0.19586486,17.313951,15.303275,17.3153,0.14919508,100.0,0.02341445,0.0288,284.959989,-4.6923913,0.5657143,0.9861325,17.2648,0.0324,436120205.0,True,True,False,27.5.6,0.0,,t17_f5_c3,ZTF18abezbap
ztf,60858.37221059995,3104372210515010002,1,3104372210515,20.750143,-1,3104,0.25836647,19.51946,17.831009,19.5878,0.17549877,0.029968053,0.037058942,0.1439,284.9600836,-4.6923469,0.85142857,0.9917772,19.4074,0.1515,436120105.0,True,True,False,27.5.6,0.0,,t17_f5_c3,ZTF18abezbap
ztf,60862.41341440007,3108413410515010001,1,3108413410515,20.249937,-1,3108,0.34122372,19.709812,17.794752,19.912,0.19334413,0.025562719,0.033136502,0.2699,284.960109,-4.692351,0.9242857,0.9973359,19.8869,0.3352,436120105.0,True,True,False,27.5.6,0.0,,t17_f5_c3,ZTF18abezbap
ztf,60897.23237269977,3143232370515010008,2,3143232370515,19.6282,-1,3143,0.228833,17.4349,15.28546,17.5539,0.151653,100.0,0.020944752,0.0692,284.960027,-4.6922823,0.427143,,17.3965,0.075,,False,True,False,27.5.6,0.0,3.17122067051501e+18,t17_f5_c3,ZTF18abezbap
ztf,60901.20840279991,3147208400515020009,2,3147208400515,20.7447,-1,3147,0.295336,18.1225,15.217295,18.1309,0.304275,100.0,0.020950016,0.0557,284.9599683,-4.6922796,0.408571,,18.0258,0.059,,False,True,False,27.5.6,0.0,3.17522836051501e+18,t17_f5_c3,ZTF18abezbap
ztf,60914.208726900164,3160208720515010002,2,3160208720515,20.594643,-1,3160,0.28121343,17.732761,15.250066,17.6859,0.0815715,100.0,0.008288199,0.0406,284.960037,-4.6924221,0.56285715,0.7907911,17.575,0.0432,436120205.0,True,True,False,27.5.6,0.0,,t17_f5_c3,ZTF18abezbap
ztf,60914.28281249991,3160282810515010002,1,3160282810515,20.0774,-1,3160,0.284115,19.6087,17.813065,19.7773,0.230496,0.038532034,0.04409702,0.2763,284.9600825,-4.6922985,0.762857,,19.6884,0.3232,,False,True,False,27.5.6,0.0,3.16517652051501e+18,t17_f5_c3,ZTF18abezbap
ztf,60914.28281249991,3160282810515020002,1,3160282810515,20.0774,-1,3160,0.284115,19.6087,17.813065,19.7773,0.230496,0.038532034,0.04409702,0.2763,284.9600825,-4.6922985,0.762857,,19.6884,0.3232,,False,True,False,27.5.6,0.0,3.190128810515015e+18,t17_f5_c3,ZTF18abezbap
ztf,60917.203645799775,3163203640515010010,2,3163203640515,20.5168,-1,3163,0.19202,17.4336,15.285641,17.3754,0.225719,0.0128313955,0.031216525,0.0318,284.9600343,-4.692292,0.397143,,17.3221,0.0353,,False,True,False,27.5.6,0.0,3.190128810515015e+18,t17_f5_c3,ZTF18abezbap
ztf,60919.17652780004,3165176520515010003,1,3165176520515,20.45855,-1,3165,0.116169654,19.403236,17.857225,19.425,0.17898515,0.036854595,0.043093614,0.1609,284.960045,-4.6923368,0.7185714,0.6194568,19.6156,0.2412,436120105.0,True,True,False,27.5.6,0.0,,t17_f5_c3,ZTF18abezbap
ztf,60921.186481500044,3167186480515010001,1,3167186480515,19.725006,-1,3167,0.16222513,19.257687,17.89539,19.002,0.18076162,0.04606272,0.05154513,0.2026,284.9600563,-4.6923598,0.8385714,0.9584162,19.4182,0.38,436120105.0,True,True,False,27.5.6,0.0,,t17_f5_c3,ZTF18abezbap
ztf,60921.244756899774,3167244750515010013,2,3167244750515,19.6855,-1,3167,0.241405,17.0421,15.352872,17.1837,0.081392,100.0,0.017174741,0.0465,284.9600611,-4.6922949,0.614286,,17.1572,0.0567,,False,True,False,27.5.6,0.0,3.190128810515015e+18,t17_f5_c3,ZTF18abezbap
ztf,60923.16896989988,3169168960515010002,1,3169168960515,19.386,-1,3169,0.312261,19.1492,17.92842,19.2276,0.22813,0.07016706,0.07410879,0.3293,284.9600991,-4.692325,0.74,,19.1014,0.3763,,False,True,False,27.5.6,0.0,3.190128810515015e+18,t17_f5_c3,ZTF18abezbap
ztf,60925.220671299845,3171220670515010012,2,3171220670515,19.807158,-1,3171,0.11614668,16.96302,15.37032,17.0133,0.07597246,100.0,0.017521696,0.0364,284.9600417,-4.6923259,0.62857145,0.84831536,16.9833,0.044,436120205.0,True,True,False,27.5.6,0.0,,t17_f5_c3,ZTF18abezbap
ztf,60927.149965300225,3173149960515010003,1,3173149960515,19.7282,-1,3173,0.146166,19.3409,17.872782,19.51,0.171033,0.03800047,0.044241786,0.3014,284.9600272,-4.6923022,0.858571,,19.4038,0.3494,,False,True,False,27.5.6,0.0,3.190128810515015e+18,t17_f5_c3,ZTF18abezbap
ztf,60929.1955093001,3175195500515010007,1,3175195500515,19.836592,-1,3175,0.19674069,19.62893,17.809238,19.9612,0.21220292,0.033467993,0.039707758,0.4282,284.960048,-4.6923835,0.85714287,0.9937941,19.6514,0.4109,436120105.0,True,True,False,27.5.6,0.0,,t17_f5_c3,ZTF18abezbap
ztf,60929.1955093001,3175195500515020007,1,3175195500515,19.8366,-1,3175,0.196741,19.6289,17.809242,19.9612,0.212203,0.033469323,0.03970893,0.4282,284.960048,-4.6923835,0.857143,,19.6514,0.4109,,False,True,False,27.5.6,0.0,3.190128810515015e+18,t17_f5_c3,ZTF18abezbap
ztf,60929.22836809978,3175228360515010010,2,3175228360515,19.98706,-1,3175,0.1734904,17.395853,15.290964,17.3987,0.14085403,100.0,0.02026814,0.0455,284.9600642,-4.6923305,0.5342857,0.66484505,17.4747,0.0597,436120205.0,True,True,False,27.5.6,0.0,,t17_f5_c3,ZTF18abezbap
ztf,60932.14993060008,3178149930515010007,1,3178149930515,20.8192,-1,3178,0.138534,19.7017,17.796144,19.9813,0.186188,0.02430058,0.03219065,0.2013,284.9600309,-4.6923066,0.732857,,19.8141,0.2137,,False,True,False,27.5.6,0.0,3.190128810515015e+18,t17_f5_c3,ZTF18abezbap
ztf,60932.194594900124,3178194590515010001,2,3178194590515,20.5934,-1,3178,0.188814,17.8239,15.24122,17.7796,0.134525,100.0,0.012466117,0.0436,284.9600225,-4.6922896,0.627143,,17.7511,0.0498,,False,True,False,27.5.6,0.0,3.190128810515015e+18,t17_f5_c3,ZTF18abezbap
ztf,60944.12881939998,3190128810515015011,2,3190128810515,20.027079,1,3190,0.29020524,17.754183,15.0510025,17.8511,0.11514682,100.0,0.009549479,0.0609,284.9599485,-4.6923858,0.4857143,0.76888895,17.8181,0.072,436120205.0,True,True,False,27.5.6,0.0,,t17_f5_c3,ZTF18abezbap
ztf,60972.150335600134,3218150330515010006,2,3218150330515,19.6003,-1,3218,0.603103,17.6058,15.263839,17.8273,0.141628,100.0,0.016381897,0.0776,284.9601619,-4.6922523,0.43,,17.8727,0.1011,,False,True,False,27.5.7a32.dev1,0.0,3.23108660051501e+18,t17_f5_c3,ZTF18abezbap
ztf,60974.14905089978,3220149050515010001,1,3220149050515,19.7457,-1,3220,0.502375,19.4555,17.845007,19.8685,0.21982,0.044717707,0.04987356,0.3683,284.9601495,-4.6923043,0.87,,19.7955,0.4403,,False,True,False,27.5.7a32.dev1,0.0,3.23108660051501e+18,t17_f5_c3,ZTF18abezbap
ztf,60978.10708330013,3224107080515010003,1,3224107080515,19.732042,-1,3224,0.259764,19.20796,17.909998,19.5078,0.16363437,0.04360597,0.049509604,0.298,284.9600864,-4.6923472,0.9014286,0.99998486,19.4544,0.3629,436120105.0,True,True,False,27.5.7a32.dev1,0.0,,t17_f5_c3,ZTF18abezbap
ztf,60978.10708330013,3224107080515020003,1,3224107080515,19.732,-1,3224,0.259764,19.208,17.909983,19.5078,0.163634,0.043603156,0.049507,0.298,284.9600864,-4.6923472,0.901429,,19.4544,0.3629,,False,True,False,27.5.7a32.dev1,0.0,3.23108660051501e+18,t17_f5_c3,ZTF18abezbap
ztf,60978.127222199924,3224127220515010006,2,3224127220515,19.743021,-1,3224,0.15384193,17.108776,15.33931,17.1433,0.073146604,100.0,0.0143353315,0.0409,284.9600503,-4.6923709,0.7014286,0.99911284,17.1808,0.0529,436120205.0,True,True,False,27.5.7a32.dev1,0.0,,t17_f5_c3,ZTF18abezbap
ztf,60981.10077549983,3227100770515010004,2,3227100770515,19.71226,-1,3227,0.30545238,17.025011,15.356512,17.1878,0.058541752,100.0,0.012591168,0.0431,284.9600063,-4.6924276,0.76714283,0.9727535,17.1905,0.0541,436120205.0,True,True,False,27.5.7a32.dev1,0.0,,t17_f5_c3,ZTF18abezbap
ztf,60981.12997689983,3227129970515010003,1,3227129970515,19.219202,-1,3227,0.21820407,18.760475,18.091988,18.9562,0.17241831,0.08892971,0.09315124,0.2519,284.9600739,-4.6923455,0.89857143,0.9998085,18.9388,0.3178,436120105.0,True,True,False,27.5.7a32.dev1,0.0,,t17_f5_c3,ZTF18abezbap
ztf,60983.09568289993,3229095680515010009,2,3229095680515,19.5935,-1,3229,0.176261,16.962156,15.37052,17.1025,0.09404421,100.0,0.021710876,0.0437,284.9600615,-4.6923663,0.6514286,0.8254295,17.0708,0.0533,436120205.0,True,True,False,27.5.7a32.dev1,0.0,,t17_f5_c3,ZTF18abezbap
ztf,60985.086608800106,3231086600515010001,1,3231086600515,19.02148,-1,3231,0.14229682,19.089767,17.94845,19.2957,0.21332562,0.07049385,0.074561745,0.4033,284.9600468,-4.692361,0.85571426,0.99987304,18.781,0.3225,436120105.0,True,True,False,27.5.7a32.dev1,0.0,,t17_f5_c3,ZTF18abezbap
ztf,61075.57446759986,3321574464115010015,2,3321574464115,17.9555,-1,3321,0.874958,17.0094,15.172552,17.1475,0.099213,100.0,0.018273829,0.1275,284.9598021,-4.6922281,0.647143,,17.1331,0.1612,,False,True,False,27.5.7a32.dev1,0.0,3.35154120411501e+18,t17_f5_c3,ZTF18abezbap
ztf,61080.563194400165,3326563194115010018,2,3326563194115,19.2185,-1,3326,0.39099,16.6802,15.245798,16.8818,0.056612,100.0,0.015105938,0.0448,284.9599052,-4.6923592,0.711429,,16.9204,0.0585,,False,True,False,27.5.7a32.dev1,0.0,3.35154120411501e+18,t17_f5_c3,ZTF18abezbap
ztf,61080.56658559991,3326566584115010015,2,3326566584115,18.9415,-1,3326,0.709553,16.7744,15.221986,16.9798,0.076971,100.0,0.01842303,0.06,284.9598167,-4.6923275,0.672857,,16.9077,0.0713,,False,True,False,27.5.7a32.dev1,0.0,3.35154120411501e+18,t17_f5_c3,ZTF18abezbap
ztf,61080.57346059987,3326573464115010048,2,3326573464115,18.3344,-1,3326,0.41543,16.6104,15.265208,16.82,0.04703,100.0,0.013623807,0.0943,284.9598967,-4.6923601,0.57,,16.8382,0.1227,,False,True,False,27.5.7a32.dev1,0.0,3.35154120411501e+18,t17_f5_c3,ZTF18abezbap
ztf,61083.565798600204,3329565794115010026,2,3329565794115,19.0915,-1,3329,0.412909,16.7941,15.217323,16.9231,0.047513,100.0,0.011119923,0.0503,284.9599032,-4.692321,0.624286,,16.8828,0.0612,,False,True,False,27.5.7a32.dev1,0.0,3.35154120411501e+18,t17_f5_c3,ZTF18abezbap
ztf,61099.54736110009,3345547364115020094,2,3345547364115,19.9002,-1,3345,0.351451,16.9864,15.176842,17.0459,0.084288,100.0,0.015919967,0.0337,284.9599172,-4.692365,0.694286,,17.0591,0.0415,,False,True,False,27.5.7a32.dev1,0.0,3.35154120411501e+18,t17_f5_c3,ZTF18abezbap
ztf,61100.546134300064,3346546134115020029,2,3346546134115,19.4787,-1,3346,0.458046,16.9947,15.175282,17.0709,0.063424,100.0,0.011870973,0.0434,284.9598863,-4.6923577,0.708571,,17.0659,0.0539,,False,True,False,27.5.7a32.dev1,0.0,3.35154120411501e+18,t17_f5_c3,ZTF18abezbap
ztf,61101.5454051001,3347545404115010009,2,3347545404115,18.4416,-1,3347,0.467376,17.0331,15.168242,17.1156,0.055163,100.0,0.009901586,0.0941,284.9598856,-4.6923286,0.675714,,17.1015,0.1185,,False,True,False,27.5.7a32.dev1,0.0,3.35154120411501e+18,t17_f5_c3,ZTF18abezbap
ztf,61105.541203700006,3351541204115010020,2,3351541204115,19.556416,-1,3351,0.42860463,17.070637,15.161638,17.1723,0.06676501,100.0,0.011506671,0.0461,284.9599117,-4.6924143,0.75,0.9999602,17.1741,0.0577,1430120241.0,True,True,False,27.5.7a32.dev1,0.0,,t17_f5_c3,ZTF18abezbap
