tid,mjd,candid,fid,pid,diffmaglim,isdiffpos,nid,distnr,magpsf,magap,sigmapsf,sigmagap,ra,dec,rb,magapbig,sigmagapbig,has_stamp,corrected,dubious,step_id_corr,phase,parent_candid,drb,rfid,rbversion,magpsf_corr,sigmapsf_corr,sigmapsf_corr_ext,oid
ztf,58290.40098380018,536400983015015026,1,536400983015,20.9743,1,536,4.46885,20.474,20.61,0.22996,0.2716,281.6701668,9.9429201,0.403333,20.8062,0.4135,False,False,False,bulk_1.0.0,0.0,5.6033465301501504e+17,,,,,,,ZTF18abdksyc
ztf,58301.317013899796,547317013015015036,1,547317013015,20.305998,1,547,4.4070673,19.834105,19.5303,0.21161991,0.19,281.6701834,9.9429097,0.29666665,19.2131,0.1818,False,False,False,bulk_1.0.0,0.0,5.6033465301501504e+17,0.0,539120130.0,,,,,ZTF18abdksyc
ztf,58303.40332179982,549403323015015051,1,549403323015,20.556507,1,549,4.533137,19.468521,19.7999,0.15036935,0.1955,281.6701432,9.9429041,0.40666667,20.0985,0.3276,False,False,False,bulk_1.0.0,0.0,5.6033465301501504e+17,0.0,539120130.0,,,,,ZTF18abdksyc
ztf,58304.29606480012,550296063015015032,1,550296063015,20.995304,1,550,4.5131674,19.44248,19.3527,0.14524408,0.0867,281.6701567,9.9429109,0.47666666,19.3757,0.1114,False,False,False,bulk_1.0.0,0.0,5.6033465301501504e+17,0.0,539120130.0,,,,,ZTF18abdksyc
ztf,58305.33355320012,551333553015015015,1,551333553015,20.387747,1,551,4.5242543,19.445675,19.7037,0.13944495,0.1832,281.6701394,9.9428711,0.49333334,19.9232,0.2862,False,False,False,bulk_1.0.0,0.0,5.6033465301501504e+17,0.0,539120130.0,,,,,ZTF18abdksyc
ztf,58306.33652780019,552336523015015013,1,552336523015,20.383623,1,552,4.408813,19.437632,19.3533,0.13182715,0.1308,281.6701796,9.9428886,0.53333336,19.2628,0.1533,False,False,False,bulk_1.0.0,0.0,5.6033465301501504e+17,0.0,539120130.0,,,,,ZTF18abdksyc
ztf,58307.35193290003,553351933015015025,1,553351933015,20.828238,1,553,4.389039,19.170416,19.1751,0.13798471,0.0837,281.6701761,9.9428563,0.50666666,19.2293,0.1106,False,False,False,bulk_1.0.0,0.0,5.6033465301501504e+17,0.0,539120130.0,,,,,ZTF18abdksyc
ztf,58311.33557870006,557335573015015027,1,557335573015,20.5164,1,557,4.419582,18.647446,18.6792,0.10140316,0.0697,281.6701761,9.9428907,0.61333334,18.6507,0.0856,False,False,False,bulk_1.0.0,0.0,5.6033465301501504e+17,0.0,539120130.0,,,,,ZTF18abdksyc
ztf,58312.3351619998,558335163015015016,1,558335163015,20.59342,1,558,4.499118,18.548857,18.5741,0.11385692,0.0595,281.6701426,9.9428585,0.54,18.504,0.0703,False,False,False,bulk_1.0.0,0.0,5.6033465301501504e+17,0.0,539120130.0,,,,,ZTF18abdksyc
ztf,58313.33592589991,559335923015015031,1,559335923015,20.90496,1,559,4.4463573,18.437057,18.4467,0.09969214,0.0435,281.6701701,9.9429009,0.56666666,18.4538,0.0542,False,False,False,bulk_1.0.0,0.0,5.6033465301501504e+17,0.0,539120130.0,,,,,ZTF18abdksyc
ztf,58314.33465280011,560334653015015014,1,560334653015,20.561373,1,560,4.469864,18.355087,18.3985,0.09664216,0.0514,281.6701602,9.9428768,0.59,18.3631,0.0625,False,False,False,bulk_1.0.0,0.0,5.6939608301501504e+17,0.0,539120130.0,,,,,ZTF18abdksyc
ztf,58315.378275500145,561378273015015030,1,561378273015,20.639887,1,561,4.3845596,18.24477,18.2555,0.08749551,0.0445,281.6701782,9.9428717,0.6,18.2291,0.054,False,False,False,bulk_1.0.0,0.0,5.6939608301501504e+17,0.0,539120130.0,,,,,ZTF18abdksyc
ztf,58317.33590279985,563335903015015042,1,563335903015,20.955458,1,563,4.486895,18.02938,18.1227,0.07833577,0.0316,281.6701561,9.9428845,0.56,18.1399,0.0392,False,False,False,bulk_1.0.0,0.0,5.6939608301501504e+17,0.0,539120130.0,,,,,ZTF18abdksyc
ztf,58319.37444439996,565374443015015028,1,565374443015,20.139433,1,565,4.4370275,17.864262,17.8902,0.06599088,0.0377,281.6701632,9.9428653,0.55,17.864,0.0461,False,False,False,bulk_1.0.0,0.0,5.6939608301501504e+17,0.0,539120130.0,t8_f5_c3,,,,ZTF18abdksyc
ztf,58320.39998839982,566399983015015035,1,566399983015,20.4302,1,566,4.5564227,17.68881,17.7488,0.07030218,0.035,281.6701367,9.9428895,0.63,17.7665,0.0441,False,False,False,bulk_1.0.0,0.0,5.6939608301501504e+17,0.0,539120130.0,t8_f5_c3,,,,ZTF18abdksyc
ztf,58322.212164400145,568212163015015034,1,568212163015,20.162457,1,568,4.4548416,17.555803,17.5129,0.06383758,0.0345,281.6701593,9.9428836,0.55333334,17.4419,0.0408,False,False,False,bulk_1.0.0,0.0,5.6939608301501504e+17,0.0,539120130.0,t8_f5_c3,,,,ZTF18abdksyc
ztf,58322.3567476999,568356743015015018,2,568356743015,20.2501,1,568,0.353874,15.5598,15.7235,0.434775,0.0079,281.6701874,9.9428601,0.226667,15.7041,0.0092,False,True,False,bulk_1.0.0,0.0,5.6939608301501504e+17,,,t8_f5_c3,15.472064,0.401021,0.40102372,ZTF18abdksyc
ztf,58323.39608799992,569396083015015026,1,569396083015,19.895369,1,569,4.462138,17.472792,17.4827,0.06365929,0.0415,281.6701652,9.9428855,0.6066667,17.4007,0.0488,False,False,False,bulk_1.0.0,0.0,5.83362533015015e+17,0.0,539120130.0,t8_f5_c3,,,,ZTF18abdksyc
ztf,58326.420289400034,572420283015025010,1,572420283015,18.0606,1,572,4.39753,17.4485,17.5472,0.16167,0.1422,281.6701962,9.9429282,0.363333,17.3978,0.1591,False,False,False,bulk_1.0.0,0.0,5.83362533015015e+17,,,t8_f5_c3,,,,ZTF18abdksyc
ztf,58327.29246529983,573292463015015007,2,573292463015,19.4603,1,573,0.675711,15.3552,15.7547,0.71922,0.0144,281.6702393,9.9427789,0.24,15.7354,0.0178,False,True,False,bulk_1.0.0,0.0,5.83362533015015e+17,,,t8_f5_c3,15.282037,0.6723508,0.67235196,ZTF18abdksyc
ztf,58327.45803239988,573458033015015038,1,573458033015,16.9707,1,573,4.08773,17.3098,17.0245,0.261933,0.2604,281.6702651,9.9428549,0.38,17.0555,0.344,False,False,False,bulk_1.0.0,0.0,5.83362533015015e+17,,,t8_f5_c3,,,,ZTF18abdksyc
ztf,58328.25738430023,574257383015015017,1,574257383015,19.526953,1,574,4.5373363,17.231724,17.2444,0.050179865,0.0478,281.6701501,9.9429207,0.63666666,17.1936,0.0582,False,False,False,bulk_1.0.0,0.0,5.83362533015015e+17,0.0,539120130.0,t8_f5_c3,,,,ZTF18abdksyc
ztf,58336.2532060002,582253203015015035,1,582253203015,20.943483,1,582,4.4386234,17.214321,17.2418,0.04445892,0.0155,281.6701638,9.9428762,0.56,17.2394,0.0183,False,False,False,bulk_1.0.0,0.0,5.83362533015015e+17,0.0,539120130.0,t8_f5_c3,,,,ZTF18abdksyc
ztf,58337.36253469996,583362533015015010,1,583362533015,20.509829,1,583,4.4984465,17.183666,17.2267,0.06041593,0.0201,281.6701495,9.9428649,0.77,17.1938,0.0238,False,False,False,bulk_1.0.0,0.0,5.95212783015015e+17,0.0,539120130.0,t8_f5_c3,,,,ZTF18abdksyc
ztf,58345.18731479999,591187313015015028,1,591187313015,20.672436,1,591,4.4973855,17.37355,17.4489,0.05590476,0.0214,281.6701519,9.942883,0.84,17.4381,0.0259,False,False,False,bulk_1.0.0,0.0,6.17190233015015e+17,0.0,539120130.0,t8_f5_c3,,,,ZTF18abdksyc
ztf,58346.33361109998,592333613015015042,1,592333613015,20.798954,1,592,4.5251546,17.397686,17.4125,0.06124053,0.0203,281.6701453,9.9428788,0.78,17.3873,0.0238,False,False,False,bulk_1.0.0,0.0,6.17190233015015e+17,0.0,539120130.0,t8_f5_c3,,,,ZTF18abdksyc
ztf,58348.33924769983,594339243015015016,1,594339243015,20.093616,1,594,4.4636607,17.45837,17.4335,0.07700818,0.0289,281.6701513,9.9428415,0.59,17.4223,0.0357,False,False,False,bulk_1.0.0,0.0,6.17190233015015e+17,0.0,539120130.0,t8_f5_c3,,,,ZTF18abdksyc
ztf,58349.212789400015,595212783015015044,1,595212783015,20.53721,1,595,4.462357,17.51675,17.5181,0.06668327,0.0267,281.6701591,9.9428756,0.72,17.4956,0.0324,False,False,False,bulk_1.0.0,0.0,6.17190233015015e+17,0.0,539120130.0,t8_f5_c3,,,,ZTF18abdksyc
ztf,58349.29688660009,595296883015015014,2,595296883015,20.4117,1,595,0.730079,15.5502,15.9907,0.792016,0.0088,281.6702456,9.9427637,0.203333,15.9793,0.0102,False,True,False,bulk_1.0.0,0.0,6.17190233015015e+17,,,t12_f5_c3,15.463206,0.73103046,0.73103195,ZTF18abdksyc
ztf,58350.32462960016,596324623015015017,1,596324623015,20.495243,1,596,4.5497274,17.479868,17.5723,0.059627973,0.0291,281.6701397,9.9428949,0.77,17.5871,0.0366,False,False,False,bulk_1.0.0,0.0,6.17190233015015e+17,0.0,539120130.0,t8_f5_c3,,,,ZTF18abdksyc
ztf,58351.22711810004,597227113015015024,2,597227113015,20.2675,1,597,0.51339,15.5047,15.7509,0.498875,0.008,281.670231,9.942839,0.23,15.7285,0.0093,False,True,False,bulk_1.0.0,0.0,6.17190233015015e+17,,,t12_f5_c3,15.421143,0.46191993,0.46192208,ZTF18abdksyc
ztf,58351.23126159981,597231263015015024,1,597231263015,20.085596,1,597,4.4531007,17.513353,17.5887,0.06558274,0.0398,281.6701649,9.9428873,0.8,17.617,0.0516,False,False,False,bulk_1.0.0,0.0,6.17190233015015e+17,0.0,539120130.0,t8_f5_c3,,,,ZTF18abdksyc
ztf,58352.2750694002,598275063015015018,2,598275063015,20.0562,1,598,0.294789,15.5572,15.7633,0.381158,0.0092,281.6701452,9.9428418,0.233333,15.7468,0.011,False,True,False,bulk_1.0.0,0.0,6.28188073015015e+17,,,t12_f5_c3,15.469666,0.35163116,0.35163426,ZTF18abdksyc
ztf,58353.29166670004,599291663015015010,2,599291663015,20.0767,1,599,1.04564,15.6601,16.1562,0.875452,0.0123,281.670358,9.9427704,0.256667,16.1187,0.0146,False,True,False,bulk_1.0.0,0.0,6.28188073015015e+17,,,t12_f5_c3,15.564237,0.8014682,0.8014698,ZTF18abdksyc
ztf,58354.23041669978,600230413015015009,2,600230413015,20.2755,1,600,0.550843,15.6255,15.8975,0.511479,0.0089,281.6702357,9.9428338,0.226667,15.8868,0.0106,False,True,False,bulk_1.0.0,0.0,6.28188073015015e+17,,,t12_f5_c3,15.532518,0.4694971,0.4694997,ZTF18abdksyc
ztf,58356.18960649986,602189603015015019,2,602189603015,20.0298,1,602,0.440798,15.622,15.7656,0.354533,0.0092,281.6701958,9.9428347,0.25,15.7511,0.0111,False,True,False,bulk_1.0.0,0.0,6.28188073015015e+17,,,t12_f5_c3,15.529305,0.32551718,0.3255209,ZTF18abdksyc
ztf,58361.18949070014,607189493015015040,1,607189493015,20.959242,1,607,4.480471,17.792114,17.843,0.08170197,0.0248,281.6701576,9.9428845,0.75,17.8559,0.0304,False,False,False,bulk_1.0.0,0.0,6.28188073015015e+17,0.0,539120130.0,t8_f5_c3,,,,ZTF18abdksyc
ztf,58362.22780090012,608227803015015080,1,608227803015,19.778784,1,608,4.4317036,17.912718,17.8794,0.08542198,0.0602,281.6701661,9.9428714,0.67,17.8871,0.0767,False,False,False,bulk_1.0.0,0.0,6.28188073015015e+17,0.0,539120130.0,t8_f5_c3,,,,ZTF18abdksyc
ztf,58363.18759260001,609187593015015017,1,609187593015,20.278728,1,609,4.4811807,17.92005,17.9869,0.07702001,0.0387,281.6701509,9.9428594,0.66333336,17.9778,0.0482,False,False,False,bulk_1.0.0,0.0,6.28188073015015e+17,0.0,539120130.0,t8_f5_c3,,,,ZTF18abdksyc
ztf,58363.21142360009,609211423015015023,2,609211423015,20.3105,1,609,0.404636,15.7719,15.9616,0.309092,0.0088,281.670188,9.9428448,0.253333,15.9502,0.0103,False,True,False,bulk_1.0.0,0.0,6.28188073015015e+17,,,t12_f5_c3,15.666131,0.2803958,0.28040135,ZTF18abdksyc
ztf,58364.16696760012,610166963015015012,2,610166963015,20.6187,1,610,0.672506,15.824,16.2346,0.599533,0.0092,281.6702695,9.9428228,0.24,16.2179,0.0106,False,True,False,bulk_1.0.0,0.0,6.28188073015015e+17,,,t12_f5_c3,15.713288,0.5414095,0.5414126,ZTF18abdksyc
ztf,58365.2485301001,611248533015015043,1,611248533015,20.867317,1,611,4.4488034,17.91888,17.9262,0.064619415,0.0285,281.6701613,9.9428674,0.77,17.8929,0.0339,False,False,False,bulk_1.0.0,0.0,6.28188073015015e+17,0.0,539120130.0,t8_f5_c3,,,,ZTF18abdksyc
ztf,58366.19047449995,612190473015015037,1,612190473015,21.101421,1,612,4.492373,17.978212,17.9913,0.08207577,0.0256,281.6701509,9.9428791,0.74,17.9645,0.0304,False,False,False,bulk_1.0.0,0.0,6.28188073015015e+17,0.0,539120130.0,t8_f5_c3,,,,ZTF18abdksyc
ztf,58367.168263900094,613168263015015007,2,613168263015,20.613,1,613,0.396176,15.9019,16.0907,0.290021,0.0083,281.6701973,9.9428522,0.25,16.0755,0.0096,False,True,False,bulk_1.0.0,0.0,6.28188073015015e+17,,,t12_f5_c3,15.783387,0.26002303,0.26003045,ZTF18abdksyc
ztf,58367.230833299924,613230833015015042,1,613230833015,20.796642,1,613,4.5147195,18.011833,18.0378,0.07235978,0.0322,281.670149,9.9428857,0.78333336,18.0502,0.0402,False,False,False,bulk_1.0.0,0.0,6.28188073015015e+17,0.0,539120130.0,t8_f5_c3,,,,ZTF18abdksyc
ztf,58368.24907410005,614249073015015036,1,614249073015,20.742477,1,614,4.5391397,18.025251,18.06,0.06645624,0.0337,281.6701363,9.9428815,0.79333335,17.9784,0.0388,False,False,False,bulk_1.0.0,0.0,6.28188073015015e+17,0.0,539120130.0,t8_f5_c3,,,,ZTF18abdksyc
ztf,58369.169803199824,615169803015015006,2,615169803015,20.7251,1,615,0.431601,15.9302,16.1397,0.293135,0.0083,281.6701964,9.9428394,0.26,16.1283,0.0095,False,True,False,bulk_1.0.0,0.0,6.28188073015015e+17,,,t12_f5_c3,15.808725,0.26209897,0.2621067,ZTF18abdksyc
ztf,58369.24855320016,615248553015015028,1,615248553015,20.91182,1,615,4.46512,18.035307,18.0877,0.07610181,0.0318,281.6701543,9.9428716,0.73,18.0394,0.0374,False,False,False,bulk_1.0.0,0.0,6.28188073015015e+17,0.0,539120130.0,t8_f5_c3,,,,ZTF18abdksyc
ztf,58370.147916700225,616147913015015010,2,616147913015,20.4494,1,616,0.481859,15.9303,16.1602,0.389767,0.0094,281.6702167,9.9428423,0.286667,16.1535,0.0111,False,True,False,bulk_1.0.0,0.0,6.28188073015015e+17,,,t12_f5_c3,15.808815,0.348501,0.3485068,ZTF18abdksyc
ztf,58370.18901620014,616189013015015036,1,616189013015,20.935293,1,616,4.4636025,18.091412,18.1304,0.06852337,0.0318,281.6701553,9.9428685,0.80333334,18.1161,0.0387,False,False,False,bulk_1.0.0,0.0,6.28188073015015e+17,0.0,539120130.0,t8_f5_c3,,,,ZTF18abdksyc
ztf,58371.16841439996,617168413015015007,2,617168413015,20.6953,1,617,0.450401,15.9901,16.1818,0.347622,0.0085,281.6702062,9.9428444,0.276667,16.1611,0.0098,False,True,False,bulk_1.0.0,0.0,6.28188073015015e+17,,,t12_f5_c3,15.862127,0.308964,0.30897123,ZTF18abdksyc
ztf,58371.19023150019,617190233015015040,1,617190233015,21.071339,1,617,4.50366,18.148823,18.1734,0.08238579,0.03,281.6701479,9.942881,0.6666667,18.1525,0.0361,False,False,False,bulk_1.0.0,0.0,6.28188073015015e+17,0.0,539120130.0,t8_f5_c3,,,,ZTF18abdksyc
ztf,58372.22829859983,618228293015015029,1,618228293015,21.029459,1,618,4.5127015,18.172323,18.2602,0.06878411,0.0333,281.6701474,9.9428879,0.7033333,18.2165,0.0394,False,False,False,bulk_1.0.0,0.0,6.28188073015015e+17,0.0,539120130.0,t8_f5_c3,,,,ZTF18abdksyc
ztf,58373.14678240009,619146783015015007,2,619146783015,20.7813,1,619,0.814805,16.0536,16.4993,0.743169,0.0103,281.6702989,9.9427939,0.236667,16.4988,0.0121,False,True,False,bulk_1.0.0,0.0,6.28188073015015e+17,,,t12_f5_c3,15.918381,0.65614104,0.65614486,ZTF18abdksyc
ztf,58373.23059030017,619230593015015023,1,619230593015,20.500835,1,619,4.4803457,18.20569,18.2857,0.06148548,0.0462,281.6701561,9.9428826,0.8066667,18.354,0.0617,False,False,False,bulk_1.0.0,0.0,6.28188073015015e+17,0.0,539120130.0,t8_f5_c3,,,,ZTF18abdksyc
ztf,58374.22922449978,620229223015015028,1,620229223015,20.753132,1,620,4.49986,18.231827,18.3011,0.084811576,0.0413,281.6701519,9.9428913,0.74,18.3394,0.0533,False,False,False,bulk_1.0.0,0.0,6.28188073015015e+17,0.0,539120130.0,t8_f5_c3,,,,ZTF18abdksyc
ztf,58375.22743060021,621227433015015032,1,621227433015,20.795822,1,621,4.509694,18.283367,18.321,0.07887419,0.0411,281.6701406,9.9428687,0.7266667,18.3189,0.051,False,False,False,bulk_1.0.0,0.0,6.28188073015015e+17,0.0,539120130.0,t8_f5_c3,,,,ZTF18abdksyc
ztf,58376.21057870006,622210573015015024,1,622210573015,20.61147,1,622,4.5181766,18.301125,18.3293,0.07052074,0.0476,281.6701437,9.9428802,0.73,18.3576,0.0613,False,False,False,bulk_1.0.0,0.0,6.28188073015015e+17,0.0,539120130.0,t8_f5_c3,,,,ZTF18abdksyc
ztf,58377.16872690013,623168723015015010,2,623168723015,20.5406,1,623,0.72719,16.1345,16.5135,0.611081,0.012,281.6702737,9.9428042,0.233333,16.4935,0.0142,False,True,False,bulk_1.0.0,0.0,6.28188073015015e+17,,,t12_f5_c3,15.98949,0.5346755,0.5346807,ZTF18abdksyc
ztf,58377.22914349986,623229143015015031,1,623229143015,20.54011,1,623,4.492898,18.272156,18.2681,0.077103116,0.0491,281.6701522,9.9428867,0.74666667,18.245,0.0604,False,False,False,bulk_1.0.0,0.0,6.28188073015015e+17,0.0,539120130.0,t8_f5_c3,,,,ZTF18abdksyc
ztf,58378.169930600096,624169933015015026,1,624169933015,20.555779,1,624,4.470901,18.332886,18.3419,0.09573769,0.0505,281.6701523,9.9428541,0.72333336,18.3414,0.0636,False,False,False,bulk_1.0.0,0.0,6.28188073015015e+17,0.0,539120130.0,t8_f5_c3,,,,ZTF18abdksyc
ztf,58379.16692129988,625166923015015043,1,625166923015,20.378395,1,625,4.463797,18.407738,18.4719,0.10686436,0.0651,281.6701606,9.9428826,0.7033333,18.3798,0.076,False,False,False,bulk_1.0.0,0.0,6.28188073015015e+17,0.0,539120130.0,t8_f5_c3,,,,ZTF18abdksyc
ztf,58380.1594560002,626159453015015014,1,626159453015,19.848259,1,626,4.5068483,18.454363,18.4918,0.10440284,0.0908,281.6701524,9.9428968,0.65,18.3565,0.1026,False,False,False,bulk_1.0.0,0.0,6.28188073015015e+17,0.0,539120130.0,t8_f5_c3,,,,ZTF18abdksyc
ztf,58381.189965299796,627189963015015030,1,627189963015,20.13902,1,627,4.4518046,18.46536,18.4955,0.11143475,0.0834,281.6701677,9.9428991,0.64,18.4491,0.1018,False,False,False,bulk_1.0.0,0.0,6.28188073015015e+17,0.0,539120130.0,t8_f5_c3,,,,ZTF18abdksyc
ztf,58382.12699070014,628126993015015015,2,628126993015,20.3755,1,628,0.33859,16.2428,16.3589,0.383017,0.0119,281.6701587,9.9428376,0.296667,16.3349,0.0141,False,True,False,bulk_1.0.0,0.0,6.28188073015015e+17,,,t12_f5_c3,16.083643,0.3307822,0.33079237,ZTF18abdksyc
ztf,58382.1880787001,628188073015015034,1,628188073015,20.069248,1,628,4.477813,18.440165,18.3417,0.09217661,0.0779,281.6701594,9.9429014,0.72,18.3832,0.1031,False,False,False,bulk_1.0.0,0.0,6.33207013015015e+17,0.0,539120130.0,t8_f5_c3,,,,ZTF18abdksyc
ztf,58383.18923609983,629189233015015025,1,629189233015,19.583672,1,629,4.4785137,18.574833,18.5129,0.089792036,0.1359,281.6701755,9.9429448,0.69,18.3354,0.148,False,False,False,bulk_1.0.0,0.0,6.33207013015015e+17,0.0,539120130.0,t8_f5_c3,,,,ZTF18abdksyc
ztf,58387.207013899926,633207013015015047,1,633207013015,19.505579,1,633,4.3406262,18.720219,18.6107,0.13352557,0.1519,281.6701858,9.942859,0.6,18.6709,0.2059,False,False,False,bulk_1.0.0,0.0,6.36126183015015e+17,0.0,539120130.0,t8_f5_c3,,,,ZTF18abdksyc
ztf,58388.145740699954,634145743015015018,1,634145743015,19.944382,1,634,4.521834,18.726936,18.7755,0.133664,0.1137,281.6701471,9.9428875,0.6066667,18.8034,0.149,False,False,False,bulk_1.0.0,0.0,6.36126183015015e+17,0.0,539120130.0,t8_f5_c3,,,,ZTF18abdksyc
ztf,58390.12618059991,636126183015015061,1,636126183015,21.03372,1,636,4.487754,18.819885,18.7698,0.08576932,0.0506,281.6701519,9.9428832,0.69,18.6976,0.0591,True,False,False,bulk_1.0.0,0.0,0.0,0.0,539120130.0,t8_f5_c3,,,,ZTF18abdksyc
ztf,58582.49879630003,828498793015015023,1,828498793015,20.255362,1,828,4.5191655,19.869474,19.8085,0.21644472,0.2244,281.6701358,9.9428558,0.31285715,19.9019,0.3128,False,False,False,bulk_1.0.0,0.0,8.52477403015015e+17,0.0,539120130.0,t15_f5_c3,,,,ZTF18abdksyc
ztf,58584.48266200023,830482663015015016,1,830482663015,20.4622,1,830,4.55579,19.9788,19.9745,0.223395,0.2257,281.6701375,9.9429095,0.342857,20.0274,0.3028,False,False,False,bulk_1.0.0,0.0,8.52477403015015e+17,,,t15_f5_c3,,,,ZTF18abdksyc
ztf,58586.459942100104,832459943015015014,1,832459943015,20.363344,1,832,4.4215612,19.796488,19.689,0.17603868,0.1881,281.6701594,9.9428357,0.29857144,19.7278,0.249,False,False,False,bulk_1.0.0,0.0,8.52477403015015e+17,0.0,539120130.0,t15_f5_c3,,,,ZTF18abdksyc
ztf,58587.5067592999,833506753015015009,2,833506753015,18.8504,1,833,0.406094,17.296,17.3875,0.470431,0.0967,281.6701646,9.9428204,0.238571,17.4678,0.1328,False,True,False,bulk_1.0.0,0.0,8.52477403015015e+17,,,t15_f5_c3,16.917969,0.33206442,0.33211142,ZTF18abdksyc
ztf,58591.46306709992,837463063015015011,2,837463063015,19.2839,1,837,0.586489,17.0631,17.2874,0.481115,0.0543,281.6702194,9.9427975,0.181429,17.2792,0.0687,False,True,False,bulk_1.0.0,0.0,8.52477403015015e+17,,,t15_f5_c3,16.748522,0.36006323,0.36009493,ZTF18abdksyc
ztf,58592.481597200036,838481593015015013,1,838481593015,19.721867,1,838,4.5353546,19.096334,19.2797,0.18941015,0.2497,281.6701426,9.9428886,0.32,19.0776,0.2662,False,False,False,bulk_1.0.0,0.0,8.52477403015015e+17,0.0,539120130.0,t15_f5_c3,,,,ZTF18abdksyc
ztf,58593.48199070012,839481993015015018,1,839481993015,19.5683,1,839,4.84506,19.2772,18.9515,0.220075,0.2067,281.670066,9.9429495,0.294286,18.982,0.2727,False,False,False,bulk_1.0.0,0.0,8.52477403015015e+17,,,t15_f5_c3,,,,ZTF18abdksyc
ztf,58605.49912039982,851499123015015019,1,851499123015,19.862698,1,851,4.561864,18.578932,18.5239,0.14023794,0.1093,281.6701276,9.9428701,0.44142857,18.6432,0.1558,False,False,False,bulk_1.0.0,0.0,8.52477403015015e+17,0.0,539120130.0,t15_f5_c3,,,,ZTF18abdksyc
ztf,58606.47740740003,852477403015015033,1,852477403015,20.76885,1,852,4.4574466,18.466352,18.4477,0.09795551,0.0456,281.670161,9.9428761,0.4457143,18.434,0.0563,False,False,False,bulk_1.0.0,0.0,8.53420823015015e+17,0.0,539120130.0,t15_f5_c3,,,,ZTF18abdksyc
ztf,58607.4208217999,853420823015015018,1,853420823015,20.747152,1,853,4.4733496,18.349062,18.3935,0.08132732,0.0444,281.6701612,9.9428947,0.5371429,18.3597,0.0537,False,False,False,bulk_1.0.0,0.0,8.74440933015015e+17,0.0,539120130.0,t15_f5_c3,,,,ZTF18abdksyc
ztf,58612.39703699993,858397033015015014,1,858397033015,20.974905,1,858,4.450467,17.925758,17.9686,0.072106175,0.0269,281.670169,9.9428972,0.50857145,17.9714,0.0327,False,False,False,bulk_1.0.0,0.0,8.87437343015015e+17,0.0,539120130.0,t15_f5_c3,,,,ZTF18abdksyc
ztf,58616.41841439996,862418413015015010,2,862418413015,20.7746,1,862,0.237529,15.5675,15.7705,0.342932,0.0064,281.6701251,9.9428524,0.091429,15.7606,0.0071,False,True,False,bulk_1.0.0,0.0,8.87437343015015e+17,,,t15_f5_c3,15.479164,0.31613228,0.31613576,ZTF18abdksyc
ztf,58617.43960649986,863439603015015014,1,863439603015,21.06188,1,863,4.490651,17.595688,17.6598,0.06177717,0.0202,281.6701552,9.9428976,0.49714285,17.657,0.0239,False,False,False,bulk_1.0.0,0.0,8.87437343015015e+17,0.0,539120130.0,t15_f5_c3,,,,ZTF18abdksyc
ztf,58628.44093749998,874440933015015020,1,874440933015,19.918343,1,874,4.5163674,17.211975,17.2866,0.06538951,0.0313,281.6701487,9.9428897,0.9114286,17.2917,0.0395,False,False,False,bulk_1.0.0,0.0,8.87437343015015e+17,0.0,539120130.0,t17_f5_c3,,,,ZTF18abdksyc
ztf,58634.33784720022,880337843015015009,2,880337843015,20.8556,1,880,0.327077,15.1308,15.3756,0.440774,0.0049,281.6701474,9.9428355,0.177143,15.369,0.0053,False,True,False,bulk_1.0.0,0.0,8.87437343015015e+17,,,t17_f5_c3,15.07093,0.4171251,0.41712636,ZTF18abdksyc
ztf,58634.441967600025,880441963015015023,1,880441963015,21.098001,1,880,4.4912877,17.175634,17.2342,0.062980734,0.0146,281.6701509,9.9428916,0.9285714,17.2343,0.017,False,False,False,bulk_1.0.0,0.0,8.87437343015015e+17,0.0,539120130.0,t17_f5_c3,,,,ZTF18abdksyc
ztf,58635.43962959992,881439623015015028,1,881439623015,20.963696,1,881,4.5040245,17.155449,17.2159,0.055835802,0.0153,281.6701503,9.9428932,0.92285717,17.2235,0.018,False,False,False,bulk_1.0.0,0.0,8.87437343015015e+17,0.0,539120130.0,t17_f5_c3,,,,ZTF18abdksyc
ztf,58637.45754629979,883457543015015018,1,883457543015,21.080904,1,883,4.5389395,17.197735,17.2612,0.05922874,0.015,281.6701384,9.942889,0.9,17.2572,0.0173,False,False,False,bulk_1.0.0,0.0,8.87437343015015e+17,0.0,539120130.0,t17_f5_c3,,,,ZTF18abdksyc
ztf,58638.37468749983,884374683015015012,1,884374683015,20.92697,1,884,4.491397,17.250357,17.2902,0.047094204,0.0163,281.6701555,9.9428898,0.89428574,17.2913,0.0193,False,False,False,bulk_1.0.0,0.0,8.87437343015015e+17,0.0,539120130.0,t17_f5_c3,,,,ZTF18abdksyc
ztf,58639.43637729995,885436373015015015,1,885436373015,21.099321,1,885,4.4934325,17.228249,17.2611,0.05271299,0.0147,281.670152,9.9428864,0.9028571,17.2608,0.017,False,False,False,bulk_1.0.0,0.0,8.87437343015015e+17,0.0,539120130.0,t17_f5_c3,,,,ZTF18abdksyc
ztf,58640.37443289999,886374433015015020,1,886374433015,21.032402,1,886,4.516338,17.191729,17.2682,0.05580401,0.0153,281.6701452,9.9428882,0.9014286,17.2799,0.0181,False,False,False,bulk_1.0.0,0.0,8.87437343015015e+17,0.0,539120130.0,t17_f5_c3,,,,ZTF18abdksyc
ztf,58641.437349500135,887437343015015017,1,887437343015,21.042889,1,887,4.5030284,17.239792,17.2866,0.047548197,0.0153,281.6701497,9.9428854,0.9057143,17.2749,0.0178,False,False,False,bulk_1.0.0,0.0,8.97446663015015e+17,0.0,539120130.0,t17_f5_c3,,,,ZTF18abdksyc
ztf,58642.3988194,888398813015015013,1,888398813015,20.943329,1,888,4.508332,17.29193,17.3062,0.050778463,0.0162,281.6701486,9.9428913,0.8914286,17.3085,0.0193,False,False,False,bulk_1.0.0,0.0,8.97446663015015e+17,0.0,539120130.0,t17_f5_c3,,,,ZTF18abdksyc
ztf,58643.425219899975,889425213015015013,1,889425213015,20.733128,1,889,4.537164,17.19408,17.267,0.052807815,0.0176,281.6701416,9.9428942,0.9128571,17.2635,0.0211,False,False,False,bulk_1.0.0,0.0,8.97446663015015e+17,0.0,539120130.0,t17_f5_c3,,,,ZTF18abdksyc
ztf,58645.40285879979,891402853015015013,1,891402853015,20.953966,1,891,4.5146685,17.272821,17.3177,0.056066863,0.0166,281.6701455,9.9428925,0.9057143,17.3159,0.0196,False,False,False,bulk_1.0.0,0.0,8.97446663015015e+17,0.0,539120130.0,t17_f5_c3,,,,ZTF18abdksyc
ztf,58646.40182870021,892401823015015017,1,892401823015,20.795538,1,892,4.4798,17.303125,17.3496,0.05859209,0.0185,281.6701532,9.9428862,0.9114286,17.35,0.0222,False,False,False,bulk_1.0.0,0.0,8.97446663015015e+17,0.0,539120130.0,t17_f5_c3,,,,ZTF18abdksyc
ztf,58647.39606480021,893396063015015013,1,893396063015,20.470806,1,893,4.5159063,17.276243,17.3432,0.051228326,0.023,281.6701478,9.9428988,0.93142855,17.3334,0.0282,False,False,False,bulk_1.0.0,0.0,8.97446663015015e+17,0.0,539120130.0,t17_f5_c3,,,,ZTF18abdksyc
ztf,58648.3565508998,894356553015015009,1,894356553015,19.974573,1,894,4.4740562,17.352468,17.3874,0.055549216,0.0357,281.6701554,9.9428812,0.93285716,17.4266,0.0467,False,False,False,bulk_1.0.0,0.0,8.97446663015015e+17,0.0,539120130.0,t17_f5_c3,,,,ZTF18abdksyc
ztf,58649.377719900105,895377713015015012,1,895377713015,19.824894,1,895,4.5794106,17.31538,17.303,0.060808793,0.0381,281.6701317,9.9428984,0.91,17.3282,0.0494,False,False,False,bulk_1.0.0,0.0,8.97446663015015e+17,0.0,539120130.0,t17_f5_c3,,,,ZTF18abdksyc
ztf,58650.45855320012,896458553015015012,1,896458553015,19.770115,1,896,4.497303,17.230192,17.2816,0.055344984,0.0403,281.6701486,9.9428792,0.9242857,17.2666,0.0504,False,False,False,bulk_1.0.0,0.0,8.97446663015015e+17,0.0,539120130.0,t17_f5_c3,,,,ZTF18abdksyc
ztf,58651.446666699834,897446663015015012,1,897446663015,19.185936,1,897,4.5666976,17.283028,17.3886,0.055667587,0.0731,281.6701341,9.9428923,0.82,17.3525,0.0906,False,False,False,bulk_1.0.0,0.0,9.18353403015015e+17,0.0,539120130.0,t17_f5_c3,,,,ZTF18abdksyc
ztf,58653.35762730008,899357623015015010,1,899357623015,19.759398,1,899,4.552097,17.316507,17.3274,0.06425489,0.042,281.6701408,9.9429107,0.9128571,17.3367,0.0538,False,False,False,bulk_1.0.0,0.0,9.29206723015015e+17,0.99999565,539120130.0,t17_f5_c3,,,,ZTF18abdksyc
ztf,58654.32490740018,900324903015015011,1,900324903015,19.775602,1,900,4.5156913,17.37194,17.3471,0.05140008,0.0405,281.670146,9.942893,0.91714287,17.3197,0.0502,False,False,False,bulk_1.0.0,0.0,9.29206723015015e+17,0.99998283,539120130.0,t17_f5_c3,,,,ZTF18abdksyc
ztf,58654.37944439985,900379443015015007,2,900379443015,19.589,1,900,0.2221,15.1988,15.4624,0.348184,0.0095,281.6701314,9.9428593,0.172857,15.4389,0.0114,False,True,False,bulk_1.0.0,0.0,9.29206723015015e+17,,,t17_f5_c3,15.135171,0.32836342,0.3283652,ZTF18abdksyc
ztf,58660.35392360017,906353923015015023,1,906353923015,21.148329,1,906,4.529286,17.540758,17.6031,0.05898154,0.0187,281.670141,9.9428827,0.9071429,17.6154,0.0223,False,False,False,bulk_1.0.0,0.0,9.29206723015015e+17,0.9999765,539120130.0,t17_f5_c3,,,,ZTF18abdksyc
ztf,58663.44167819992,909441673015015018,1,909441673015,19.908943,1,909,4.5669928,17.53069,17.5516,0.073463425,0.0463,281.6701301,9.9428883,0.92714286,17.5513,0.0582,False,False,False,bulk_1.0.0,0.0,9.29206723015015e+17,1.0,539120130.0,t17_f5_c3,,,,ZTF18abdksyc
ztf,58665.24950229982,911249503015015029,1,911249503015,20.955584,1,911,4.5143185,17.657257,17.6799,0.066042855,0.0222,281.6701491,9.9428972,0.9342857,17.6988,0.0272,False,False,False,bulk_1.0.0,0.0,9.29206723015015e+17,0.99996686,539120130.0,t17_f5_c3,,,,ZTF18abdksyc
ztf,58666.48465280002,912484653015015023,1,912484653015,19.33747,1,912,4.5758996,17.631563,17.6263,0.073027864,0.0766,281.6701189,9.9428496,0.9257143,17.6204,0.0974,False,False,False,bulk_1.0.0,0.0,9.29206723015015e+17,0.99999976,539120130.0,t17_f5_c3,,,,ZTF18abdksyc
ztf,58667.3381829001,913338183015015015,1,913338183015,20.915958,1,913,4.520269,17.724306,17.758,0.06610356,0.0236,281.670146,9.9428913,0.92142856,17.7744,0.0291,False,False,False,bulk_1.0.0,0.0,9.29206723015015e+17,0.9993562,539120130.0,t17_f5_c3,,,,ZTF18abdksyc
ztf,58668.29458330013,914294583015015012,1,914294583015,20.708263,1,914,4.4719987,17.792234,17.8165,0.06493829,0.0277,281.6701581,9.9428821,0.92,17.7966,0.0336,False,False,False,bulk_1.0.0,0.0,9.29206723015015e+17,0.9989231,539120130.0,t17_f5_c3,,,,ZTF18abdksyc
ztf,58669.28295140015,915282953015015013,1,915282953015,21.011303,1,915,4.5004187,17.835224,17.8632,0.060794916,0.0242,281.6701505,9.9428839,0.9085714,17.8681,0.0294,False,False,False,bulk_1.0.0,0.0,9.29206723015015e+17,0.9889424,539120130.0,t17_f5_c3,,,,ZTF18abdksyc
ztf,58672.35340279993,918353403015015010,1,918353403015,20.924986,1,918,4.512134,17.901556,18.005,0.07118317,0.0288,281.6701475,9.9428915,0.9128571,18.0245,0.0357,False,False,False,bulk_1.0.0,0.0,9.29206723015015e+17,0.9994699,539120130.0,t17_f5_c3,,,,ZTF18abdksyc
ztf,58673.337800899986,919337803015015019,1,919337803015,21.081198,1,919,4.4968123,17.96366,18.0069,0.072813824,0.0259,281.6701503,9.9428845,0.91,18.0076,0.0314,False,False,False,bulk_1.0.0,0.0,9.29206723015015e+17,0.9954244,539120130.0,t17_f5_c3,,,,ZTF18abdksyc
ztf,58674.337881899904,920337883015015023,1,920337883015,20.933493,1,920,4.4924307,18.016907,18.037,0.077769555,0.0293,281.6701536,9.9428904,0.92142856,17.9999,0.0348,False,False,False,bulk_1.0.0,0.0,9.29206723015015e+17,0.99999917,539120130.0,t17_f5_c3,,,,ZTF18abdksyc
ztf,58675.33812499978,921338123015015017,1,921338123015,20.583303,1,921,4.528099,18.049976,18.1532,0.088354416,0.0424,281.6701493,9.942914,0.9442857,18.1614,0.0536,False,False,False,bulk_1.0.0,0.0,9.29206723015015e+17,0.99997836,539120130.0,t17_f5_c3,,,,ZTF18abdksyc
ztf,58676.31722219987,922317223015015023,1,922317223015,20.376516,1,922,4.5616484,18.130245,18.23,0.08586288,0.0544,281.6701348,9.9428995,0.94,18.2188,0.0681,False,False,False,bulk_1.0.0,0.0,9.29206723015015e+17,0.9998616,539120130.0,t17_f5_c3,,,,ZTF18abdksyc
ztf,58677.25605319999,923256053015015006,2,923256053015,20.2081,1,923,0.294549,15.8438,16.1039,0.433861,0.0108,281.6701557,9.942849,0.165714,16.0955,0.013,False,True,False,bulk_1.0.0,0.0,9.29206723015015e+17,,,t17_f5_c3,15.731153,0.39109907,0.39110354,ZTF18abdksyc
ztf,58677.33994209999,923339943015015008,1,923339943015,20.205475,1,923,4.5700717,18.129686,18.2122,0.0878221,0.0627,281.6701366,9.9429024,0.9342857,18.2598,0.083,False,False,False,bulk_1.0.0,0.0,9.29206723015015e+17,0.9998894,539120130.0,t17_f5_c3,,,,ZTF18abdksyc
ztf,58680.220127299894,926220123015015037,1,926220123015,19.37137,1,926,4.373091,18.430195,18.4151,0.12590899,0.151,281.6701869,9.9428914,0.8971428,18.2881,0.1723,False,False,False,bulk_1.0.0,0.0,9.29206723015015e+17,0.9999018,539120130.0,t17_f5_c3,,,,ZTF18abdksyc
ztf,58683.20672449982,929206723015015012,1,929206723015,20.309248,1,929,4.545592,18.541168,18.3678,0.09442406,0.0642,281.6701365,9.942892,0.86142856,18.3468,0.0799,False,False,False,bulk_1.0.0,0.0,9.50327233015015e+17,0.99999905,539120130.0,t17_f5_c3,,,,ZTF18abdksyc
ztf,58696.25795139978,942257953015015024,1,942257953015,21.081596,1,942,4.5217843,19.137905,19.2142,0.11392574,0.072,281.6701487,9.9429008,0.8442857,19.2977,0.0967,False,False,False,bulk_1.0.0,0.0,9.50327233015015e+17,0.9958294,539120130.0,t17_f5_c3,,,,ZTF18abdksyc
ztf,58704.3272338002,950327233015015017,1,950327233015,20.013594,1,950,4.5513105,19.395552,19.3809,0.16648285,0.1907,281.6701242,9.9428513,0.64857143,19.4276,0.2549,True,False,False,bulk_1.0.0,0.0,0.0,0.96684945,539120130.0,t17_f5_c3,,,,ZTF18abdksyc
ztf,58913.48726850003,1159487263015015018,2,1159487263015,19.6098,1,1159,0.263501,16.0117,16.1037,0.321645,0.0183,281.6701434,9.9428524,0.181429,16.1231,0.0227,False,True,False,bulk_1.0.0,0.0,1.186484443015015e+18,,,t17_f5_c3,15.881304,0.28523713,0.28524524,ZTF18abdksyc
ztf,58940.48444439983,1186484443015015017,1,1186484443015,20.312214,1,1186,4.477451,17.494293,17.5899,0.049889248,0.0316,281.6701574,9.9428921,0.92714286,17.6082,0.0399,False,False,False,bulk_1.0.0,0.0,1.200431623015015e+18,0.999998,539120130.0,t17_f5_c3,,,,ZTF18abdksyc
ztf,58944.4835994998,1190483593015015009,1,1190483593015,19.86759,1,1190,4.460256,17.43226,17.4803,0.08455676,0.0398,281.6701599,9.942884,0.9114286,17.4278,0.0481,False,False,False,bulk_1.0.0,0.0,1.200431623015015e+18,0.9999987,539120130.0,t17_f5_c3,,,,ZTF18abdksyc
ztf,58954.43162039993,1200431623015015011,1,1200431623015,19.857489,1,1200,4.411433,17.522202,17.5924,0.06483692,0.0419,281.67018,9.9428909,0.9,17.5999,0.0534,False,False,False,bulk_1.0.0,0.0,1.223395493015015e+18,0.9999411,539120130.0,t17_f5_c3,,,,ZTF18abdksyc
ztf,58962.48173609981,1208481733015015023,1,1208481733015,20.111635,1,1208,4.396896,17.911098,17.865,0.07414959,0.0394,281.6701798,9.942876,0.79285717,17.89,0.0508,False,False,False,bulk_1.0.0,0.0,1.223395493015015e+18,0.99999785,539120130.0,t17_f5_c3,,,,ZTF18abdksyc
ztf,58974.48128469987,1220481283015015025,1,1220481283015,20.243183,1,1220,4.5411105,18.179031,18.1733,0.07422951,0.0554,281.6701344,9.9428754,0.9114286,18.2059,0.0724,False,False,False,bulk_1.0.0,0.0,1.223395493015015e+18,0.99987936,539120130.0,t17_f5_c3,,,,ZTF18abdksyc
ztf,58977.3954977002,1223395493015015009,1,1223395493015,19.049814,1,1223,4.5690975,18.40737,18.7554,0.14142105,0.2659,281.6701365,9.9429213,0.69714284,19.0985,0.4683,False,False,False,bulk_1.0.0,0.0,1.226436503015015e+18,0.99984497,539120130.0,t17_f5_c3,,,,ZTF18abdksyc
ztf,58980.436504600104,1226436503015015010,1,1226436503015,19.64025,1,1226,4.524222,18.512657,18.46,0.10083935,0.116,281.6701413,9.9428819,0.85571426,18.6636,0.179,True,False,False,bulk_1.0.0,0.0,0.0,0.99991333,539120130.0,t17_f5_c3,,,,ZTF18abdksyc
ztf,59258.54601849988,1504546013015015026,2,1504546013015,18.617,1,1504,0.962079,15.4726,15.9625,0.683434,0.0253,281.6703631,9.9428243,0.137143,15.9428,0.0314,False,True,False,correction_0.0.1,0.0,,,,t17_f5_c3,15.391388,0.6341774,0.6341788,ZTF18abdksyc
ztf,59262.54722219985,1508547223015015011,2,1508547223015,19.7309,1,1508,0.616532,15.4696,15.8664,0.529961,0.0108,281.6702572,9.9428366,0.182857,15.8626,0.0132,False,True,False,correction_0.0.1,0.0,,,,t17_f5_c3,15.388603,0.49186257,0.49186447,ZTF18abdksyc
ztf,59263.54633100005,1509546333015015055,2,1509546333015,19.1108,1,1509,1.19932,15.5015,16.0918,0.741497,0.0128,281.670436,9.942827,0.167143,16.115,0.0162,False,True,False,correction_0.0.1,0.0,,,,t17_f5_c3,15.4181795,0.68672067,0.68672216,ZTF18abdksyc
ztf,59263.549305600114,1509549303015015023,2,1509549303015,19.2093,1,1509,0.640941,15.4379,15.8832,0.350788,0.011,281.6702764,9.9428547,0.195714,15.8792,0.0135,False,True,False,correction_0.0.1,0.0,,,,t17_f5_c3,15.359152,0.32624355,0.32624626,ZTF18abdksyc
ztf,59263.55527780019,1509555273015015022,2,1509555273015,19.2429,1,1509,1.04663,15.5066,16.0798,1.05195,0.0136,281.6703569,9.9427574,0.15,16.0929,0.0171,False,True,False,correction_0.0.1,0.0,,,,t17_f5_c3,15.422902,0.973902,0.973903,ZTF18abdksyc
ztf,59263.558263900224,1509558263015015026,2,1509558263015,19.1892,1,1509,0.766491,15.4579,15.9452,0.626969,0.0132,281.6703021,9.9428227,0.178571,15.9557,0.0165,False,True,False,correction_0.0.1,0.0,,,,t17_f5_c3,15.377741,0.5823461,0.58234763,ZTF18abdksyc
ztf,59266.51304400014,1512513043015015022,1,1512513043015,19.1528,1,1512,4.18214,17.7966,17.7447,0.109475,0.0443,281.6702206,9.9427911,0.332857,17.6507,0.0515,False,False,False,correction_0.0.1,0.0,,,,t17_f5_c3,,,,ZTF18abdksyc
ztf,59271.52929400001,1517529293015015012,1,1517529293015,18.766119,1,1517,4.3273554,17.848387,17.7703,0.09922325,0.1104,281.6701979,9.9428681,0.6614286,17.7459,0.1383,True,False,False,correction_0.0.1,0.0,,0.99987805,539120130.0,t17_f5_c3,,,,ZTF18abdksyc
ztf,59276.50641199993,1522506413015015010,1,1522506413015,19.368681,1,1522,4.317732,17.971357,17.8319,0.077450946,0.0775,281.6702025,9.9428743,0.79,17.8546,0.1012,True,False,False,correction_0.0.1,0.0,,0.999999,539120130.0,t17_f5_c3,,,,ZTF18abdksyc
ztf,59282.51760420017,1528517603015015014,2,1528517603015,20.0238,1,1528,0.502792,15.9405,16.2605,0.700689,0.013,281.6701969,9.9428071,0.171429,16.233,0.0156,False,True,False,correction_0.0.1,0.0,,,,t17_f5_c3,15.817931,0.6258864,0.62588966,ZTF18abdksyc
ztf,59292.44585649995,1538445853015015028,1,1538445853015,20.120405,1,1538,4.3356004,18.64457,18.5474,0.11022258,0.0836,281.6701886,9.9428628,0.8914286,18.4482,0.0971,True,False,False,correction_0.0.1,0.0,,0.9999703,539120130.0,t17_f5_c3,,,,ZTF18abdksyc
ztf,59298.43554400001,1544435543015015013,1,1544435543015,19.249723,1,1544,4.154668,18.895332,18.9465,0.18958414,0.2517,281.6702388,9.9428425,0.76285714,18.6618,0.2488,True,False,False,correction_0.0.1,0.0,,0.9999366,539120130.0,t17_f5_c3,,,,ZTF18abdksyc
ztf,59302.498472199775,1548498473015015015,1,1548498473015,19.7207,1,1548,4.71988,19.0901,19.1269,0.175776,0.2164,281.6700913,9.9429123,0.714286,19.2237,0.3032,False,False,False,correction_0.0.1,0.0,,,,t17_f5_c3,,,,ZTF18abdksyc
ztf,59305.463379600085,1551463373015015014,2,1551463373015,19.375,1,1551,0.466839,16.8389,17.0485,0.315536,0.0414,281.6702189,9.9428501,0.184286,16.9841,0.0496,False,True,False,correction_0.0.1,0.0,,,,t17_f5_c3,16.576508,0.24776131,0.24779488,ZTF18abdksyc
ztf,59305.485972200055,1551485973015015016,1,1551485973015,19.36758,1,1551,4.642868,19.335245,19.6233,0.20552392,0.383,281.6701334,9.9429626,0.47428572,19.8159,0.587,True,False,False,correction_0.0.1,0.0,,0.9992677,539120130.0,t17_f5_c3,,,,ZTF18abdksyc
ztf,59307.489618100226,1553489613015015022,1,1553489613015,20.384926,1,1553,4.5359583,19.356153,19.2687,0.15709578,0.1334,281.6701392,9.9428884,0.6557143,19.3929,0.1908,True,False,False,correction_0.0.1,0.0,,0.92428404,539120130.0,t17_f5_c3,,,,ZTF18abdksyc
ztf,59309.45685190009,1555456853015015015,1,1555456853015,19.916252,1,1555,4.3768353,19.605984,19.6866,0.19524167,0.258,281.6701825,9.9428775,0.57714283,19.4902,0.2761,True,False,False,correction_0.0.1,0.0,,0.9989351,539120130.0,t17_f5_c3,,,,ZTF18abdksyc
ztf,59312.412766200025,1558412763015015016,2,1558412763015,19.9497,1,1558,0.446697,17.1924,17.4119,0.332588,0.0366,281.6702127,9.9428487,0.195714,17.3611,0.0441,False,True,False,correction_0.0.1,0.0,,,,t17_f5_c3,16.843819,0.24119723,0.24125366,ZTF18abdksyc
ztf,59312.435324099846,1558435323015015023,1,1558435323015,20.29758,1,1558,4.646158,19.799503,19.7175,0.19322339,0.2014,281.6701081,9.9428965,0.5642857,19.6234,0.2367,True,False,False,correction_0.0.1,0.0,,0.7898927,539120130.0,t17_f5_c3,,,,ZTF18abdksyc
ztf,59521.114699100144,1767114693015015020,1,1767114693015,20.685873,1,1767,4.5633345,18.640593,18.6149,0.08247488,0.0584,281.6701395,9.9428933,0.9114286,18.5971,0.0723,True,False,False,correction_1.0.6,0.0,,0.999594,539120130.0,t17_f5_c3,,,,ZTF18abdksyc
ztf,59521.134675899986,1767134673015015019,2,1767134673015,20.1482,1,1767,0.425648,16.4982,16.7173,0.386622,0.018,281.6701945,9.9428345,0.197143,16.6773,0.0216,False,True,False,correction_1.0.6,0.0,1.769162663015015e+18,,,t17_f5_c3,16.300476,0.32223746,0.322253,ZTF18abdksyc
ztf,59523.16266199993,1769162663015015023,1,1769162663015,20.235277,1,1769,4.6282434,18.341623,18.4599,0.08836669,0.0723,281.6701184,9.942901,0.94,18.6019,0.1044,True,False,False,correction_1.0.6,0.0,,0.99999905,539120130.0,t17_f5_c3,,,,ZTF18abdksyc
ztf,59527.10990739986,1773109903015015013,2,1773109903015,20.3434,1,1773,0.270606,16.027,16.2801,0.36419,0.0112,281.6701308,9.9428431,0.162857,16.2653,0.0134,False,True,False,correction_1.0.6,0.0,1.773130613015015e+18,,,t17_f5_c3,15.894862,0.3224503,0.32245764,ZTF18abdksyc
ztf,59527.130613400135,1773130613015015011,1,1773130613015,20.35274,1,1773,4.564238,18.007584,17.9887,0.074017346,0.0437,281.6701279,9.9428708,0.9071429,17.9869,0.055,True,False,False,correction_1.0.6,0.0,,0.99993056,539120130.0,t17_f5_c3,,,,ZTF18abdksyc
ztf,59531.1084143999,1777108413015015023,2,1777108413015,18.9611,1,1777,0.776288,15.7578,16.1475,0.908788,0.0177,281.6702965,9.9428035,0.158571,16.1321,0.022,False,True,False,correction_1.0.6,0.0,1.783117033015015e+18,,,t17_f5_c3,15.653332,0.82541895,0.82542074,ZTF18abdksyc
ztf,59537.117037000135,1783117033015015007,1,1783117033015,17.459991,1,1783,4.700246,17.487448,17.2546,0.20705941,0.3422,281.6700955,9.9429172,0.43714285,17.4382,0.5207,True,False,False,correction_1.0.6,0.0,,0.958272,539120130.0,t17_f5_c3,,,,ZTF18abdksyc
ztf,59540.11038189987,1786110383015015020,1,1786110383015,18.87006,1,1786,4.3716755,17.491085,17.4175,0.08789894,0.0554,281.6701692,9.9428063,0.4757143,17.3711,0.0678,True,False,False,correction_1.0.6,0.0,,0.9982046,539120130.0,t17_f5_c3,,,,ZTF18abdksyc
ztf,59820.17231479986,2066172313015015023,1,2066172313015,19.99835,1,2066,4.3676133,18.583036,18.6507,0.13365975,0.0838,281.6701783,9.9428576,0.73,18.7095,0.1127,True,False,False,dev,0.0,,0.99999607,539120130.0,t17_f5_c3,,,,ZTF18abdksyc
ztf,59830.18658560002,2076186583015015011,1,2076186583015,19.309134,1,2076,4.5148025,17.513428,17.5847,0.0695849,0.075,281.6701513,9.9429068,0.9028571,17.6372,0.1006,True,False,False,dev,0.0,,0.99998534,539120130.0,t17_f5_c3,,,,ZTF18abdksyc
ztf,59846.22374999989,2092223743015015029,1,2092223743015,20.510553,1,2092,4.5867224,16.886194,16.9991,0.075716965,0.0167,281.6701299,9.9428969,0.92142856,17.0153,0.0206,True,False,False,dev,0.0,,0.9999222,539120130.0,t17_f5_c3,,,,ZTF18abdksyc
ztf,59855.212812500075,2101212813015015019,1,2101212813015,20.197384,1,2101,4.6000695,16.961605,17.0724,0.059886225,0.0234,281.6701298,9.942909,0.9257143,17.09,0.0294,True,False,False,dev,0.0,,0.99999064,539120130.0,t17_f5_c3,,,,ZTF18abdksyc
ztf,59857.23336810013,2103233363015015015,1,2103233363015,19.544159,1,2103,4.5376406,17.010803,17.0451,0.04972316,0.0389,281.6701325,9.9428818,0.8642857,17.0111,0.0479,True,False,False,dev,0.0,,0.9999943,539120130.0,t17_f5_c3,,,,ZTF18abdksyc
ztf,59859.174895800184,2105174893015015023,1,2105174893015,19.933992,1,2105,4.5880194,17.04731,17.0897,0.051612,0.0296,281.6701256,9.9428983,0.93857145,17.1393,0.039,True,False,False,dev,0.0,,0.9999973,539120130.0,t17_f5_c3,,,,ZTF18abdksyc
ztf,59862.16299769981,2108162993015015018,1,2108162993015,19.79044,1,2108,4.5987415,17.137512,17.1617,0.058607213,0.0357,281.6701237,9.942892,0.93285716,17.1371,0.0443,True,False,False,dev,0.0,,0.9999995,539120130.0,t17_f5_c3,,,,ZTF18abdksyc
ztf,59864.12913190015,2110129133015015027,1,2110129133015,20.269272,1,2110,4.557119,17.184565,17.2049,0.049568612,0.0242,281.6701347,9.9428965,0.9357143,17.243,0.0312,True,False,False,1.1.6,0.0,,0.9995917,539120130.0,t17_f5_c3,,,,ZTF18abdksyc
ztf,59866.14329859987,2112143293015015036,1,2112143293015,20.533026,1,2112,4.5311856,17.202097,17.2868,0.06215243,0.0205,281.6701435,9.9428923,0.92714286,17.2727,0.0248,True,False,False,1.1.6,0.0,,0.9999964,539120130.0,t17_f5_c3,,,,ZTF18abdksyc
ztf,59877.205902799964,2123205903015015020,1,2123205903015,19.351841,1,2123,4.378176,17.655268,17.6782,0.06760712,0.065,281.6701788,9.9428541,0.8642857,17.647,0.0805,True,False,False,1.1.6,0.0,,0.9999943,539120130.0,t17_f5_c3,,,,ZTF18abdksyc
ztf,59879.11252309987,2125112523015015016,2,2125112523015,19.7334,1,2125,0.782811,15.6029,16.1487,0.764481,0.013,281.6702386,9.9427396,0.182857,16.1396,0.016,False,True,False,1.1.6,0.0,2.125162993015015e+18,,,t17_f5_c3,15.511756,0.70292354,0.7029252,ZTF18abdksyc
ztf,59879.16299769981,2125162993015015022,1,2125162993015,19.774721,1,2125,4.5022287,17.815847,17.7563,0.06354181,0.0494,281.6701435,9.9428775,0.8457143,17.7249,0.0609,True,False,False,1.1.6,0.0,,0.99999976,539120130.0,t17_f5_c3,,,,ZTF18abdksyc
ztf,59881.115393499844,2127115393015015025,1,2127115393015,20.577219,1,2127,4.572044,17.83955,17.7802,0.06984252,0.0307,281.6701294,9.9428832,0.93142855,17.7651,0.0376,True,False,False,1.1.6,0.0,,0.99999106,539120130.0,t17_f5_c3,,,,ZTF18abdksyc
ztf,59881.183379599825,2127183373015015020,2,2127183373015,19.2965,1,2127,0.321968,15.6012,15.9368,0.359763,0.0148,281.670179,9.9428621,0.178571,15.924,0.0184,False,True,False,1.1.6,0.0,2.129154133015015e+18,,,t17_f5_c3,15.510193,0.3308331,0.33083665,ZTF18abdksyc
ztf,59883.15413190005,2129154133015015022,1,2129154133015,19.714602,1,2129,4.4922757,18.007986,18.0714,0.06695254,0.0748,281.670149,9.9428661,0.89285713,18.0896,0.097,True,False,False,1.1.6,0.0,,0.9999983,539120130.0,t17_f5_c3,,,,ZTF18abdksyc
ztf,59887.16363430023,2133163633015015017,1,2133163633015,19.123358,1,2133,4.5262504,18.1104,18.3692,0.1097472,0.1596,281.6701259,9.9428163,0.7842857,18.5406,0.2396,True,False,False,1.1.6,0.0,,0.99999845,539120130.0,t17_f5_c3,,,,ZTF18abdksyc
ztf,60135.317812500056,2381317813015015014,1,2381317813015,20.563538,1,2381,4.43316,18.562723,18.5833,0.09167268,0.0589,281.6701687,9.9428761,0.89428574,18.6069,0.0761,True,False,False,1.2.0,0.0,,0.9999999,539120130.0,t17_f5_c3,,,,ZTF18abdksyc
ztf,60159.293819400016,2405293813015015009,1,2405293813015,19.996296,1,2405,4.5864167,17.888433,17.9552,0.080782786,0.0583,281.6701269,9.9428994,0.93,17.9587,0.0744,True,False,False,1.2.0,0.0,,0.9999996,539120130.0,t17_f5_c3,,,,ZTF18abdksyc
ztf,60161.39380790014,2407393803015015013,1,2407393803015,20.132195,1,2407,4.622586,17.878769,18.0245,0.07971738,0.0561,281.6701124,9.9428859,0.92285717,18.0075,0.0701,True,False,False,1.2.0,0.0,,0.99998856,539120130.0,t17_f5_c3,,,,ZTF18abdksyc
ztf,60181.333506899886,2427333503015015014,1,2427333503015,19.784298,1,2427,4.466981,18.470259,18.46,0.10745366,0.0893,281.6701653,9.9428965,0.76857144,18.4255,0.1104,True,False,False,1.2.0,0.0,,0.99997604,539120130.0,t17_f5_c3,,,,ZTF18abdksyc
ztf,60183.21208330011,2429212083015015007,1,2429212083015,20.13602,1,2429,4.63715,18.566656,18.49,0.099053524,0.0822,281.670109,9.9428755,0.8957143,18.62,0.118,True,False,False,1.2.0,0.0,,0.9999907,539120130.0,t17_f5_c3,,,,ZTF18abdksyc
ztf,60185.18747689994,2431187473015015011,1,2431187473015,19.756048,1,2431,4.6547456,18.622675,18.5798,0.114471376,0.1218,281.6701019,9.9428686,0.8428571,18.766,0.1849,True,False,False,1.2.0,0.0,,0.99862957,539120130.0,t17_f5_c3,,,,ZTF18abdksyc
ztf,60187.18577549979,2433185773015015014,1,2433185773015,19.94465,1,2433,4.5267487,18.590439,18.5921,0.13113533,0.1116,281.670158,9.9429207,0.8457143,18.3852,0.1181,True,False,False,1.2.0,0.0,,0.9997456,539120130.0,t17_f5_c3,,,,ZTF18abdksyc
ztf,60191.19152780017,2437191523015015015,1,2437191523015,20.488962,1,2437,4.4405246,18.826332,18.7403,0.09998034,0.0724,281.6701652,9.9428745,0.8685714,18.7773,0.095,True,False,False,1.2.0,0.0,,0.9998783,539120130.0,t17_f5_c3,,,,ZTF18abdksyc
ztf,60198.24234949984,2444242343015015019,1,2444242343015,20.131124,1,2444,4.6417,19.024847,19.101,0.119443335,0.133,281.6701073,9.9428887,0.8542857,19.1584,0.1789,True,False,False,1.2.1,0.0,,0.99999845,539120130.0,t17_f5_c3,,,,ZTF18abdksyc
ztf,60209.16709489981,2455167093015015021,1,2455167093015,19.74886,1,2455,4.298396,19.441738,19.3549,0.20612444,0.2044,281.6701817,9.9427877,0.39,19.492,0.2971,True,False,False,1.2.1,0.0,,0.9993934,539120130.0,t17_f5_c3,,,,ZTF18abdksyc
ztf,60417.38443290023,2663384433015015022,2,2663384433015,19.6603,1,2663,0.493589,16.6793,17.0344,0.594801,0.0325,281.6702055,9.9428151,0.204286,17.0428,0.0414,False,True,False,24.4.1,0.0,2.690441423015015e+18,,,t17_f5_c3,16.44925,0.48121518,0.48122886,ZTF18abdksyc
ztf,60420.454699099995,2666454693015015019,1,2666454693015,20.360516,1,2666,4.425204,18.46272,18.5126,0.08928832,0.0697,281.6701693,9.9428836,0.94,18.4854,0.0863,True,False,False,24.4.1,0.0,,0.9999994,539120130.0,t17_f5_c3,,,,ZTF18abdksyc
ztf,60422.46840280015,2668468403015015017,1,2668468403015,19.710205,1,2668,4.438941,18.340622,18.3252,0.09997168,0.0892,281.6701705,9.9429017,0.8585714,18.3386,0.1154,True,False,False,24.4.1,0.0,,0.99999815,539120130.0,t17_f5_c3,,,,ZTF18abdksyc
ztf,60428.44081019983,2674440813015015014,1,2674440813015,19.739565,1,2674,4.51875,17.57731,17.5093,0.055830818,0.0452,281.6701483,9.9428912,0.89857143,17.4666,0.0553,True,False,False,24.4.1,0.0,,0.9999998,539120130.0,t17_f5_c3,,,,ZTF18abdksyc
ztf,60430.46372690005,2676463723015015028,1,2676463723015,20.442959,1,2676,4.4710045,17.400602,17.3846,0.046705585,0.0242,281.670155,9.9428828,0.92285717,17.366,0.0295,True,False,False,24.4.1,0.0,,0.99999905,539120130.0,t17_f5_c3,,,,ZTF18abdksyc
ztf,60439.4604282002,2685460423015015019,1,2685460423015,20.748848,1,2685,4.4914827,17.009342,17.0637,0.051124483,0.015,281.6701528,9.9428847,0.89428574,17.0627,0.0179,True,False,False,24.4.1,0.0,,0.998443,539120130.0,t17_f5_c3,,,,ZTF18abdksyc
ztf,60444.441423600074,2690441423015015013,1,2690441423015,20.63917,1,2690,4.4440637,17.154644,17.083,0.057761826,0.0153,281.6701608,9.9428791,0.8,17.0571,0.0181,True,False,False,24.4.1,0.0,,0.99999535,539120130.0,t17_f5_c3,,,,ZTF18abdksyc
ztf,60450.437951399945,2696437953015015018,1,2696437953015,20.062162,1,2696,4.4651866,17.00891,17.0391,0.047112726,0.0219,281.6701532,9.9428726,0.8971428,17.0563,0.0276,True,False,False,24.4.1,0.0,,0.9999994,539120130.0,t17_f5_c3,,,,ZTF18abdksyc
ztf,60452.400289400015,2698400283015015010,2,2698400283015,19.9338,1,2698,0.562202,15.0302,15.4336,0.77662,0.0077,281.6702169,9.9428031,0.17,15.4115,0.0091,False,True,False,24.5.1,0.0,2.727399823015015e+18,,,t17_f5_c3,14.975496,0.73845947,0.73846006,ZTF18abdksyc
ztf,60452.44017359987,2698440173015015017,1,2698440173015,19.776093,1,2698,4.5386186,17.05999,17.0693,0.043885984,0.0314,281.6701414,9.9428968,0.92285717,17.0463,0.0389,True,False,False,24.4.1,0.0,,1.0,539120130.0,t17_f5_c3,,,,ZTF18abdksyc
ztf,60457.42127310019,2703421273015015019,1,2703421273015,20.10533,1,2703,4.5440555,17.084648,17.1665,0.0415338,0.0273,281.6701374,9.9428984,0.89857143,17.1407,0.0334,True,False,False,24.4.1,0.0,,0.9998673,539120130.0,t17_f5_c3,,,,ZTF18abdksyc
ztf,60461.44025459979,2707440253015015019,1,2707440253015,20.568367,1,2707,4.4870825,17.195757,17.2305,0.042277195,0.0193,281.6701514,9.9428904,0.93142855,17.2117,0.0232,True,False,False,24.5.1,0.0,,0.9999986,539120130.0,t17_f5_c3,,,,ZTF18abdksyc
ztf,60461.44025459979,2707440253015025019,1,2707440253015,20.5684,1,2707,4.48708,17.1958,17.2305,0.042277,0.0193,281.6701514,9.9428904,0.931429,17.2117,0.0232,False,False,False,24.5.1,0.0,2.731402193015015e+18,,,t17_f5_c3,,,,ZTF18abdksyc
ztf,60463.34738430008,2709347383015015024,1,2709347383015,20.079634,1,2709,4.406741,17.207666,17.2076,0.051203664,0.022,281.6701731,9.9428807,0.8057143,17.194,0.0269,True,False,False,24.5.1,0.0,,0.99998915,539120130.0,t17_f5_c3,,,,ZTF18abdksyc
ztf,60469.42123840004,2715421233015015015,1,2715421233015,20.470972,1,2715,4.494493,17.36389,17.355,0.048005655,0.0211,281.670152,9.9428827,0.87,17.3666,0.0263,True,False,False,24.5.1,0.0,,0.9999896,539120130.0,t17_f5_c3,,,,ZTF18abdksyc
ztf,60471.41540510021,2717415403015015019,1,2717415403015,20.289684,1,2717,4.5432253,17.296194,17.3504,0.049352013,0.0267,281.6701371,9.9428926,0.9257143,17.3736,0.0337,True,False,False,24.5.1,0.0,,0.9999883,539120130.0,t17_f5_c3,,,,ZTF18abdksyc
ztf,60479.33942130022,2725339423015015009,2,2725339423015,20.0041,1,2725,0.411957,15.3348,15.8521,0.777981,0.0096,281.6702059,9.9428571,0.184286,15.8274,0.0115,False,True,False,24.5.1,0.0,2.740312213015015e+18,,,t17_f5_c3,15.262955,0.728166,0.72816706,ZTF18abdksyc
ztf,60479.4019559999,2725401953015015019,1,2725401953015,19.99725,1,2725,4.444677,17.54295,17.5842,0.0500302,0.035,281.6701621,9.9428791,0.8857143,17.6272,0.0459,True,False,False,24.5.1,0.0,,0.9999993,539120130.0,t17_f5_c3,,,,ZTF18abdksyc
ztf,60481.39982639998,2727399823015015019,1,2727399823015,19.95593,1,2727,4.536972,17.650965,17.7182,0.06139547,0.0481,281.6701373,9.9428859,0.9342857,17.8026,0.066,True,False,False,24.5.1,0.0,,0.99999976,539120130.0,t17_f5_c3,,,,ZTF18abdksyc
ztf,60481.39982639998,2727399823015025019,1,2727399823015,19.95757,1,2727,4.536665,17.65088,17.7314,0.06238873,0.0487,281.6701377,9.9428865,0.9357143,17.8239,0.0673,True,False,False,24.5.1,0.0,,0.9999997,539120130.0,t17_f5_c3,,,,ZTF18abdksyc
ztf,60485.40219909977,2731402193015015017,1,2731402193015,19.864437,1,2731,4.5900803,17.734465,17.8182,0.060392443,0.0582,281.6701315,9.9429144,0.9357143,17.7305,0.0685,True,False,False,24.5.1,0.0,,0.99999577,539120130.0,t17_f5_c3,,,,ZTF18abdksyc
ztf,60494.31221059989,2740312213015015023,1,2740312213015,20.765167,1,2740,4.478609,18.182804,18.1941,0.06917696,0.0367,281.670152,9.942877,0.89428574,18.2117,0.0465,True,False,False,24.5.1,0.0,,0.9997088,539120130.0,t17_f5_c3,,,,ZTF18abdksyc
ztf,60495.29653939977,2741296533015015014,2,2741296533015,20.4468,1,2741,0.281445,15.912,16.2396,0.410287,0.0102,281.6701673,9.9428574,0.17,16.2309,0.012,False,True,False,24.5.1,0.0,2.757394983015015e+18,,,t17_f5_c3,15.792438,0.36749947,0.3675048,ZTF18abdksyc
ztf,60495.309722200036,2741309723015015007,2,2741309723015,20.4469,1,2741,0.282539,15.9339,16.242,0.40128,0.0101,281.670149,9.9428444,0.198571,16.2166,0.0118,False,True,False,24.5.1,0.0,2.757394983015015e+18,,,t17_f5_c3,15.812034,0.35866925,0.35867494,ZTF18abdksyc
ztf,60495.380358799826,2741380353015015011,2,2741380353015,20.2393,1,2741,0.251965,15.9425,16.2059,0.345153,0.0109,281.6701359,9.942855,0.178571,16.2001,0.0131,False,True,False,24.5.1,0.0,2.757394983015015e+18,,,t17_f5_c3,15.819717,0.30824015,0.30824685,ZTF18abdksyc
ztf,60495.419455999974,2741419453015015014,2,2741419453015,20.2717,1,2741,0.359345,15.964,16.3086,0.600171,0.0117,281.6701572,9.9428279,0.175714,16.2795,0.0139,False,True,False,24.5.1,0.0,2.757394983015015e+18,,,t17_f5_c3,15.838898,0.5348488,0.5348528,ZTF18abdksyc
ztf,60495.42510419991,2741425103015015008,2,2741425103015,20.061,1,2741,0.712383,16.059,16.5735,0.784346,0.0165,281.6702507,9.9427756,0.175714,16.5459,0.0199,False,True,False,24.5.1,0.0,2.757394983015015e+18,,,t17_f5_c3,15.923146,0.69209236,0.692096,ZTF18abdksyc
ztf,60495.43548610015,2741435483015015010,2,2741435483015,19.9226,1,2741,0.27286,15.9556,16.2819,0.485405,0.0139,281.6701399,9.9428461,0.194286,16.2488,0.0166,False,True,False,24.5.1,0.0,2.757394983015015e+18,,,t17_f5_c3,15.831409,0.43293533,0.4329402,ZTF18abdksyc
ztf,60495.43783560023,2741437833015015010,2,2741437833015,20.1821,1,2741,0.265711,15.9418,16.2238,0.36345,0.0115,281.6701191,9.9428403,0.182857,16.209,0.0139,False,True,False,24.5.1,0.0,2.757394983015015e+18,,,t17_f5_c3,15.819093,0.3246034,0.32460976,ZTF18abdksyc
ztf,60495.4387730998,2741438773015015013,2,2741438773015,20.1964,1,2741,0.359854,15.9346,16.2519,0.573589,0.0117,281.670163,9.9428256,0.172857,16.2441,0.0142,False,True,False,24.5.1,0.0,2.757394983015015e+18,,,t17_f5_c3,15.812659,0.5126504,0.5126543,ZTF18abdksyc
ztf,60495.4448958002,2741444893015015015,2,2741444893015,19.7385,1,2741,0.168431,15.861,16.1647,0.266678,0.0134,281.6700906,9.9428686,0.164286,16.1591,0.0165,False,True,False,24.5.1,0.0,2.757394983015015e+18,,,t17_f5_c3,15.746646,0.24001138,0.2400189,ZTF18abdksyc
ztf,60495.450081000105,2741450083015015012,2,2741450083015,19.9375,1,2741,0.381748,15.9722,16.1391,0.249015,0.0123,281.6702063,9.9428776,0.167143,16.109,0.0148,False,True,False,24.5.1,0.0,2.757394983015015e+18,,,t17_f5_c3,15.846203,0.2217213,0.22173108,ZTF18abdksyc
ztf,60495.4514930998,2741451493015015012,2,2741451493015,19.9315,1,2741,0.171744,15.9097,16.1947,0.319971,0.013,281.670104,9.9428658,0.17,16.1862,0.0159,False,True,False,24.5.1,0.0,2.757394983015015e+18,,,t17_f5_c3,15.790379,0.28666282,0.28666964,ZTF18abdksyc
ztf,60495.453854199965,2741453853015015014,2,2741453853015,19.8569,1,2741,0.617399,15.9486,16.3849,0.646122,0.0155,281.6702469,9.9428115,0.168571,16.3534,0.0186,False,True,False,24.5.1,0.0,2.757394983015015e+18,,,t17_f5_c3,15.825164,0.5766831,0.57668674,ZTF18abdksyc
ztf,60495.4547917,2741454793015015010,2,2741454793015,19.9792,1,2741,0.21617,15.932,16.1754,0.323076,0.0126,281.6701085,9.9428535,0.175714,16.1618,0.0153,False,True,False,24.5.1,0.0,2.757394983015015e+18,,,t17_f5_c3,15.810335,0.28882068,0.28882772,ZTF18abdksyc
ztf,60495.45572920004,2741455723015015014,2,2741455723015,20.0132,1,2741,0.26344,15.9475,16.2018,0.355612,0.0126,281.6701768,9.9428965,0.18,16.1862,0.0153,False,True,False,24.5.1,0.0,2.757394983015015e+18,,,t17_f5_c3,15.824182,0.31742427,0.31743082,ZTF18abdksyc
ztf,60495.45620370004,2741456203015015013,2,2741456203015,19.9782,1,2741,0.19776,15.9172,16.1934,0.335378,0.0128,281.6701115,9.9428593,0.168571,16.1775,0.0156,False,True,False,24.5.1,0.0,2.757394983015015e+18,,,t17_f5_c3,15.797095,0.30024993,0.30025652,ZTF18abdksyc
ztf,60495.46372690005,2741463723015015011,2,2741463723015,20.158,1,2741,0.414538,15.9329,16.2394,0.609599,0.012,281.6701818,9.9428265,0.172857,16.2292,0.0145,False,True,False,24.5.1,0.0,2.757394983015015e+18,,,t17_f5_c3,15.81114,0.54492563,0.5449293,ZTF18abdksyc
ztf,60509.27293979982,2755272933015015009,2,2755272933015,19.2624,1,2755,0.424313,16.5624,16.9039,0.56971,0.0415,281.6701923,9.942833,0.17,16.8867,0.0521,False,True,False,24.5.1,0.0,2.757394983015015e+18,,,t17_f5_c3,16.353722,0.47007924,0.470091,ZTF18abdksyc
ztf,60509.3953009001,2755395303015015021,1,2755395303015,20.231071,1,2755,4.645553,18.851347,18.8457,0.11764517,0.1061,281.6701191,9.9429186,0.88,18.8919,0.1411,True,False,False,24.5.1,0.0,,0.9978873,539120130.0,t17_f5_c3,,,,ZTF18abdksyc
ztf,60511.39498839993,2757394983015015013,1,2757394983015,19.040674,1,2757,4.4297767,18.686607,18.7141,0.17867368,0.2724,281.6701575,9.942828,0.61714286,18.2618,0.2307,True,False,False,24.5.1,0.0,,0.9467362,539120130.0,t17_f5_c3,,,,ZTF18abdksyc
ztf,60699.571388899814,2945571383015015012,2,2945571383015,18.8954,1,2945,0.590344,18.7081,18.6979,0.17023,0.2697,281.6702539,9.9428381,0.187143,18.6717,0.3378,False,True,False,26.0.1,0.0,2.971543053015015e+18,,,t17_f5_c3,17.700678,0.06632063,0.06730816,ZTF18abdksyc
ztf,60705.558634299785,2951558633015015009,2,2951558633015,19.4893,1,2951,0.430084,18.2263,18.1282,0.575215,0.0912,281.670205,9.9428452,0.202857,18.0657,0.1098,False,True,False,26.0.1,0.0,2.978495633015015e+18,,,t17_f5_c3,17.484026,0.29019663,0.29034916,ZTF18abdksyc
ztf,60705.566446799785,2951566443015015011,2,2951566443015,19.3019,1,2951,0.852796,18.1611,18.679,0.650856,0.1847,281.6703328,9.9428322,0.191429,18.9632,0.3074,False,True,False,26.0.1,0.0,2.978495633015015e+18,,,t17_f5_c3,17.450626,0.33817154,0.33829463,ZTF18abdksyc
ztf,60706.55908560008,2952559083315015001,2,2952559083315,19.642643,1,2952,0.13761544,17.858955,17.9796,0.06807536,0.0755,281.6701901,9.9428887,0.7771429,18.0299,0.1007,True,True,False,26.0.1,0.0,,0.99983,1533120233.0,t17_f5_c3,17.442032,0.04543679,0.046368226,ZTF18abdksyc
ztf,60707.55734949978,2953557343315015002,2,2953557343315,19.332554,1,2953,0.14224581,17.863611,18.1376,0.09498629,0.103,281.6701362,9.9428459,0.64285713,18.2001,0.1393,True,True,False,26.0.1,0.0,,0.9999995,1533120233.0,t17_f5_c3,17.4452,0.06394047,0.06460956,ZTF18abdksyc
ztf,60707.56079859985,2953560793315015001,2,2953560793315,19.058825,1,2953,0.121570185,17.831245,18.0447,0.11141389,0.1265,281.670183,9.9428748,0.7457143,18.0613,0.1643,True,True,False,26.0.1,0.0,,0.99999976,1533120233.0,t17_f5_c3,17.42308,0.075960524,0.076502144,ZTF18abdksyc
ztf,60707.56079859985,2953560793315025001,2,2953560793315,19.0588,1,2953,0.12157,17.8312,18.0447,0.111414,0.1265,281.670183,9.9428748,0.745714,18.0613,0.1643,False,True,False,26.0.1,0.0,2.978495633015015e+18,,,t17_f5_c3,17.42305,0.07596165,0.07650323,ZTF18abdksyc
ztf,60707.565277799964,2953565273315015001,2,2953565273315,18.953625,1,2953,0.047683146,17.883873,17.9455,0.10862736,0.136,281.670157,9.9428753,0.8471429,17.8473,0.1591,True,True,False,26.0.1,0.0,,0.99999917,1533120233.0,t17_f5_c3,17.458942,0.072842725,0.07344575,ZTF18abdksyc
ztf,60707.565277799964,2953565273315025001,2,2953565273315,18.9536,1,2953,0.047683,17.8839,17.9455,0.108627,0.136,281.670157,9.9428753,0.847143,17.8473,0.1591,False,True,False,26.0.1,0.0,2.978495633015015e+18,,,t17_f5_c3,17.45896,0.07284187,0.073444925,ZTF18abdksyc
ztf,60708.55651619984,2954556513315015001,2,2954556513315,19.947464,1,2954,0.15885097,17.741938,18.0027,0.100943714,0.0661,281.6701886,9.9429118,0.70714283,18.0306,0.086,True,True,False,26.0.1,0.0,,0.9910376,1533120233.0,t17_f5_c3,17.360975,0.07055131,0.07107136,ZTF18abdksyc
ztf,60708.55651619984,2954556513315025001,2,2954556513315,19.9475,1,2954,0.158851,17.7419,18.0027,0.100944,0.0661,281.6701886,9.9429118,0.707143,18.0306,0.086,False,True,False,26.0.1,0.0,2.978495633015015e+18,,,t17_f5_c3,17.360949,0.07055228,0.071072295,ZTF18abdksyc
ztf,60708.5599769,2954559973315015001,2,2954559973315,20.155758,1,2954,0.12501092,17.80801,18.0761,0.096624255,0.0622,281.6701818,9.9429075,0.67714286,18.0755,0.0786,True,True,False,26.0.1,0.0,,0.9941108,1533120233.0,t17_f5_c3,17.407074,0.066187054,0.06679,ZTF18abdksyc
ztf,60708.564398100134,2954564393315015000,2,2954564393315,20.07276,1,2954,0.11912756,17.78587,18.0983,0.09611009,0.0684,281.6701813,9.9429017,0.6957143,18.0879,0.0859,True,True,False,26.0.1,0.0,,0.9996674,1533120233.0,t17_f5_c3,17.391722,0.06626573,0.06685125,ZTF18abdksyc
ztf,60709.55435189977,2955554353315015001,2,2955554353315,19.5146,1,2955,0.014908,17.778,17.9426,0.06749,0.0837,281.6701502,9.9428835,0.777143,17.9301,0.1056,False,True,False,26.0.1,0.0,2.955557263315015e+18,,,t17_f5_c3,17.386242,0.046220135,0.04704742,ZTF18abdksyc
ztf,60709.55435189977,2955554353315025001,2,2955554353315,19.5146,1,2955,0.014908,17.778,17.9426,0.06749,0.0837,281.6701502,9.9428835,0.777143,17.9301,0.1056,False,True,False,26.0.1,0.0,2.985527663015015e+18,,,t17_f5_c3,17.386242,0.046220135,0.04704742,ZTF18abdksyc
ztf,60709.55726849986,2955557263315015003,2,2955557263315,19.21006,1,2955,0.05982285,17.667267,17.8015,0.060568154,0.0936,281.6701567,9.9428721,0.7728571,17.7231,0.1112,True,True,False,26.0.1,0.0,,0.99999356,1533120233.0,t17_f5_c3,17.307873,0.04272517,0.043499738,ZTF18abdksyc
ztf,60709.55726849986,2955557263315025003,2,2955557263315,19.2101,1,2955,0.059823,17.6673,17.8015,0.060568,0.0936,281.6701567,9.9428721,0.772857,17.7231,0.1112,False,True,False,26.0.1,0.0,2.985527663015015e+18,,,t17_f5_c3,17.307896,0.04272465,0.043499265,ZTF18abdksyc
ztf,60709.56116899988,2955561163315015001,2,2955561163315,19.375713,1,2955,0.025864031,17.589325,17.7911,0.06862729,0.0916,281.6701533,9.9428789,0.81714284,17.9321,0.1329,True,True,False,26.0.1,0.0,,0.9999998,1533120233.0,t17_f5_c3,17.251335,0.049666867,0.05026907,ZTF18abdksyc
ztf,60725.51245369995,2971512453015015012,2,2971512453015,20.0229,1,2971,0.208799,16.4202,16.6518,0.357166,0.0194,281.6701483,9.942875,0.154286,16.6539,0.0241,False,True,False,26.0.1,0.0,3.001465743015015e+18,,,t17_f5_c3,16.23508,0.30116233,0.30117705,ZTF18abdksyc
ztf,60725.54305560002,2971543053015015069,1,2971543053015,19.797743,1,2971,4.3636065,18.715473,18.4346,0.10906425,0.1013,281.6701962,9.9428957,0.6028572,18.351,0.12,True,False,False,26.0.1,0.0,,0.99999255,539120130.0,t17_f5_c3,,,,ZTF18abdksyc
ztf,60732.49563660007,2978495633015015015,1,2978495633015,19.537653,1,2978,4.396731,18.266405,18.2637,0.09953712,0.0865,281.6701788,9.9428788,0.7442857,18.3078,0.115,True,False,False,26.0.1,0.0,,0.9999966,539120130.0,t17_f5_c3,,,,ZTF18abdksyc
ztf,60739.52766200015,2985527663015015026,1,2985527663015,20.081442,1,2985,4.431316,17.82136,17.8075,0.080092125,0.0459,281.670168,9.9428869,0.9071429,17.8169,0.0584,True,False,False,26.0.1,0.0,,0.9999999,539120130.0,t17_f5_c3,,,,ZTF18abdksyc
ztf,60750.50710650021,2996507103015015012,1,2996507103015,19.47238,1,2996,4.4451284,17.353027,17.3905,0.053995244,0.0501,281.6701581,9.9428739,0.9285714,17.4303,0.0664,True,False,False,26.0.1,0.0,,0.99999994,539120130.0,t17_f5_c3,,,,ZTF18abdksyc
ztf,60755.46574069979,3001465743015015028,1,3001465743015,19.441704,1,3001,4.455461,17.387012,17.371,0.062532015,0.0479,281.6701612,9.9428879,0.85142857,17.3417,0.0594,True,False,False,26.0.1,0.0,,0.99999976,539120130.0,t17_f5_c3,,,,ZTF18abdksyc
ztf,60758.47248840006,3004472483015015019,1,3004472483015,19.983702,1,3004,4.525323,17.269175,17.3223,0.050620373,0.0303,281.670146,9.9428909,0.9128571,17.3106,0.0377,True,False,False,26.0.1,0.0,,0.99999595,539120130.0,t17_f5_c3,,,,ZTF18abdksyc
ztf,60758.50393520016,3004503933015015013,2,3004503933015,20.0484,1,3004,0.237535,15.2908,15.5654,0.288177,0.0075,281.6701256,9.9428517,0.181429,15.5553,0.0089,False,True,False,26.0.1,0.0,3.032468993015015e+18,,,t17_f5_c3,15.22172,0.2704102,0.27041274,ZTF18abdksyc
ztf,60761.50417819992,3007504173015015022,1,3007504173015,18.310171,1,3007,4.3194265,17.503967,17.4977,0.14098388,0.1645,281.6701872,9.9428471,0.7757143,17.6336,0.238,True,False,False,26.0.1,0.0,,0.99942917,539120130.0,t17_f5_c3,,,,ZTF18abdksyc
ztf,60771.48481479986,3017484813015015020,1,3017484813015,20.4806,1,3017,4.48089,17.4792,17.4808,0.047101,0.025,281.6701587,9.9428901,0.915714,17.4709,0.0307,False,False,False,26.0.1,0.0,3.032468993015015e+18,,,t17_f5_c3,,,,ZTF18abdksyc
ztf,60773.379814799875,3019379813015015008,2,3019379813015,19.2161,1,3019,0.136381,15.3508,15.5041,0.222573,0.0138,281.6701134,9.9428769,0.171429,15.489,0.017,False,True,False,27.5.6,0.0,3.048445653015015e+18,,,t17_f5_c3,15.277923,0.20812021,0.20812386,ZTF18abdksyc
ztf,60775.473564799875,3021473563015015019,1,3021473563015,19.997126,1,3021,4.5118546,17.526182,17.6158,0.052597877,0.0426,281.6701465,9.9428938,0.9457143,17.6144,0.0538,True,False,False,26.0.1,0.0,,1.0,539120130.0,t17_f5_c3,,,,ZTF18abdksyc
ztf,60786.46899309987,3032468993015015017,1,3032468993015,20.157179,1,3032,4.481281,17.924316,17.8804,0.06377624,0.0472,281.6701565,9.9428959,0.9242857,17.8891,0.0602,True,False,False,26.0.1,0.0,,0.99998534,539120130.0,t17_f5_c3,,,,ZTF18abdksyc
ztf,60802.44565969985,3048445653015015032,1,3048445653015,20.581726,1,3048,4.490384,18.965904,18.828,0.098807834,0.0727,281.6701507,9.942892,0.8214286,18.7548,0.0861,True,False,False,27.5.6,0.0,,0.9999857,539120130.0,t17_f5_c3,,,,ZTF18abdksyc
ztf,60804.460532399826,3050460533015015023,1,3050460533015,20.578714,1,3050,4.474202,18.925663,18.8997,0.08982667,0.0797,281.6701642,9.9429187,0.88,18.8669,0.0982,True,False,False,27.5.6,0.0,,0.9994361,539120130.0,t17_f5_c3,,,,ZTF18abdksyc
ztf,61057.577395800035,3303577393315015005,2,3303577393315,17.405512,1,3303,0.14971244,15.583642,15.6336,0.05018857,0.0419,281.6701821,9.9428592,0.48285714,15.6558,0.0548,True,True,False,27.5.7a32.dev1,0.0,,0.9991628,1533120233.0,t17_f5_c3,15.522861,0.04742987,0.04745614,ZTF18abdksyc
ztf,61058.57462960016,3304574623315015000,2,3304574623315,19.103521,1,3304,0.055534773,15.555213,15.615,0.032559086,0.0164,281.6701372,9.9428803,0.79,15.6065,0.0206,True,True,False,27.5.7a32.dev1,0.0,,0.9999993,1533120233.0,t17_f5_c3,15.49596,0.030791344,0.030829841,ZTF18abdksyc
ztf,61058.57759260014,3304577593315015000,2,3304577593315,18.810915,1,3304,0.044121224,15.577847,15.6573,0.029829433,0.0219,281.6701616,9.9428813,0.76285714,15.6654,0.0281,True,True,False,27.5.7a32.dev1,0.0,,0.99999917,1533120233.0,t17_f5_c3,15.51738,0.028169831,0.028213598,ZTF18abdksyc
ztf,61059.57328699995,3305573283315015000,2,3305573283315,19.144295,1,3305,0.023770658,15.565647,15.6314,0.03481195,0.0149,281.6701576,9.9428863,0.7842857,15.641,0.019,True,True,False,27.5.7a32.dev1,0.0,,0.9999992,1533120233.0,t17_f5_c3,15.505838,0.032909475,0.03294616,ZTF18abdksyc
ztf,61059.5777431,3305577743315015002,2,3305577743315,18.564695,1,3305,0.045177456,15.584082,15.6758,0.036700036,0.0224,281.6701594,9.94288,0.6685714,15.6739,0.0285,True,True,False,27.5.7a32.dev1,0.0,,0.99999976,1533120233.0,t17_f5_c3,15.523276,0.034665238,0.034701202,ZTF18abdksyc
ztf,61059.583171300124,3305583173315015001,2,3305583173315,17.949663,1,3305,0.106450856,15.586,15.6647,0.019894492,0.0442,281.6701848,9.942893,0.73714286,15.6642,0.0566,True,True,False,27.5.7a32.dev1,0.0,,0.99999636,1533120233.0,t17_f5_c3,15.525091,0.018742489,0.018809143,ZTF18abdksyc
ztf,61060.5777083002,3306577703015015006,2,3306577703015,18.9314,1,3306,0.596042,15.6762,16.0707,0.495274,0.0286,281.6702332,9.942806,0.164286,16.0616,0.0361,False,True,False,27.5.7a32.dev1,0.0,3.319573773315015e+18,,,t17_f5_c3,15.578967,0.45284504,0.45284796,ZTF18abdksyc
ztf,61065.57148149982,3311571483315015000,2,3311571483315,18.576391,1,3311,0.18279818,15.69984,15.5832,0.033388045,0.0174,281.6701899,9.9428498,0.47428572,15.5179,0.0208,True,True,False,27.5.7a32.dev1,0.0,,0.9166422,1533120233.0,t17_f5_c3,15.632401,0.03132868,0.031377327,ZTF18abdksyc
ztf,61065.57699069986,3311576993315015001,2,3311576993315,18.237333,1,3311,0.05875457,15.700569,15.738,0.029252434,0.0275,281.6701423,9.9428758,0.63857144,15.7281,0.0349,True,True,False,27.5.7a32.dev1,0.0,,0.9997651,1533120233.0,t17_f5_c3,15.633087,0.027434055,0.02748966,ZTF18abdksyc
ztf,61070.577430599835,3316577433015015009,2,3316577433015,18.2556,1,3316,0.88717,15.9267,16.3155,0.596122,0.05,281.670334,9.9428097,0.147143,16.2577,0.0607,False,True,False,27.5.7a32.dev1,0.0,3.34053120301501e+18,,,t17_f5_c3,15.805595,0.53320044,0.5332042,ZTF18abdksyc
ztf,61071.5653241002,3317565323015015019,2,3317565323015,18.6793,1,3317,1.01735,15.9387,16.4289,0.646917,0.0348,281.6703608,9.9427777,0.131429,16.4304,0.0445,False,True,False,27.5.7a32.dev1,0.0,3.34053120301501e+18,,,t17_f5_c3,15.816323,0.5779565,0.5779601,ZTF18abdksyc
ztf,61071.57614579983,3317576143015015010,2,3317576143015,17.9919,1,3317,0.71849,15.8977,16.3138,0.284375,0.0584,281.6702941,9.9428382,0.147143,16.2479,0.0706,False,True,False,27.5.7a32.dev1,0.0,3.34053120301501e+18,,,t17_f5_c3,15.779621,0.2550626,0.25507015,ZTF18abdksyc
ztf,61072.56480319984,3318564803315015002,2,3318564803315,18.947243,1,3318,0.09753532,15.878753,15.9309,0.034934226,0.0222,281.670124,9.9428921,0.7557143,15.9017,0.0275,True,True,False,27.5.7a32.dev1,0.0,,0.9999964,1533120233.0,t17_f5_c3,15.7996645,0.032416027,0.032479987,ZTF18abdksyc
ztf,61072.56814809982,3318568143315015001,2,3318568143315,18.92993,1,3318,0.07158211,15.86891,15.9005,0.029455697,0.0223,281.6701708,9.9428885,0.7842857,15.88,0.0278,True,True,False,27.5.7a32.dev1,0.0,,1.0,1533120233.0,t17_f5_c3,15.79051,0.027329149,0.027403716,ZTF18abdksyc
ztf,61072.572465300094,3318572463315015001,2,3318572463315,18.808203,1,3318,0.054640077,15.871997,15.9558,0.03935544,0.0262,281.6701434,9.9429014,0.74714285,15.9407,0.033,True,True,False,27.5.7a32.dev1,0.0,,1.0,1533120233.0,t17_f5_c3,15.793382,0.036550462,0.03660655,ZTF18abdksyc
ztf,61073.56832179986,3319568323315015001,2,3319568323315,18.9669,1,3319,0.06644758,15.882774,15.9477,0.03980065,0.0255,281.6701727,9.9428818,0.81142855,15.9578,0.0328,True,True,False,27.5.7a32.dev1,0.0,,0.99997383,1533120233.0,t17_f5_c3,15.803403,0.036938358,0.036994886,ZTF18abdksyc
ztf,61073.57377310004,3319573773315015001,2,3319573773315,18.808819,1,3319,0.016029453,15.884415,15.9412,0.038258657,0.0284,281.6701468,9.9428862,0.7885714,15.9292,0.0359,True,True,False,27.5.7a32.dev1,0.0,,0.9999999,1533120233.0,t17_f5_c3,15.804928,0.035498824,0.035557806,ZTF18abdksyc
ztf,61094.53120370023,3340531203015010005,3,3340531203015,19.241222,-1,3340,0.13143471,14.542614,14.6919,0.04821811,0.0072,281.6701591,9.942865,0.6342857,14.6866,0.0084,True,True,False,27.5.7a32.dev1,0.0,,0.99900794,539120330.0,t17_f5_c3,14.0303955,100.0,0.03008312,ZTF18abdksyc
