tid,mjd,candid,fid,pid,diffmaglim,isdiffpos,nid,distnr,magpsf,magap,sigmapsf,sigmagap,ra,dec,rb,rbversion,magapbig,sigmagapbig,has_stamp,corrected,dubious,step_id_corr,phase,drb,rfid,parent_candid,magpsf_corr,sigmapsf_corr,sigmapsf_corr_ext,oid
ztf,59268.5558449002,1514555843015015006,2,1514555843015,19.6555,1,1514,2.61394,18.8293,18.352,0.204929,0.1231,302.7275738,10.5585172,0.187143,t17_f5_c3,18.4028,0.1614,False,False,False,correction_0.0.1,0.0,,,,,,,ZTF21aanffck
ztf,59269.55236109998,1515552363015015003,2,1515552363015,19.6769,1,1515,2.93257,19.2595,18.4576,0.218663,0.1336,302.7277623,10.5586259,0.257143,t17_f5_c3,18.4599,0.1673,False,False,False,correction_0.0.1,0.0,,,,,,,ZTF21aanffck
ztf,59269.554791700095,1515554793015015003,2,1515554793015,19.52529,1,1515,2.454069,18.499174,18.1659,0.17070436,0.1169,302.7274917,10.5585018,0.24285714,t17_f5_c3,18.241,0.1576,True,False,False,correction_0.0.1,0.0,0.0359886,542120230.0,,,,,ZTF21aanffck
ztf,59640.543877299875,1886543873015015005,2,1886543873015,19.9501,1,1886,1.63567,18.5281,18.2261,0.179369,0.0884,302.7271314,10.5585684,0.394286,t17_f5_c3,18.2409,0.1104,False,False,False,correction_1.0.6,0.0,,,1.886546353015015e+18,,,,ZTF21aanffck
ztf,59640.546354200225,1886546353015015006,2,1886546353015,19.827139,1,1886,1.8363218,18.283834,18.3544,0.13049208,0.1053,302.7272695,10.5585602,0.4757143,t17_f5_c3,18.3233,0.1268,True,False,False,correction_1.0.6,0.0,0.41627392,542120230.0,,,,,ZTF21aanffck
ztf,59640.55129629979,1886551293015015003,2,1886551293015,19.3748,1,1886,1.9543,18.7061,18.2603,0.205793,0.1291,302.7273162,10.5585482,0.47,t17_f5_c3,18.1548,0.1477,False,False,False,correction_1.0.6,0.0,,,1.887553683015015e+18,,,,ZTF21aanffck
ztf,59641.54408559995,1887544083015015004,2,1887544083015,19.9417,1,1887,1.34568,18.3687,17.9054,0.211599,0.0653,302.727294,10.5587461,0.328571,t17_f5_c3,17.9371,0.0827,False,True,True,correction_1.0.6,0.0,,,1.887553683015015e+18,15.442111,100.0,0.014284924,ZTF21aanffck
ztf,59641.55368060013,1887553683015015002,2,1887553683015,19.359356,1,1887,2.1049407,18.095926,17.869,0.11900592,0.0928,302.7274603,10.5586095,0.38428572,t17_f5_c3,17.7807,0.1081,True,False,False,correction_1.0.6,0.0,0.46828458,542120230.0,,,,,ZTF21aanffck
ztf,59641.55368060013,1887553683015015003,2,1887553683015,19.359356,1,1887,1.4364082,18.01825,17.9585,0.115225084,0.1014,302.7272742,10.5586967,0.6457143,t17_f5_c3,17.9834,0.1306,True,False,False,correction_1.0.6,0.0,0.42769065,542120230.0,,,,,ZTF21aanffck
ztf,59673.47230320005,1919472303015025003,1,1919472303015,19.7022,1,1919,1.05498,18.6616,18.7243,0.173173,0.1095,302.7271119,10.5587308,0.772857,t17_f5_c3,18.7128,0.1346,False,True,False,correction_1.0.6,0.0,,,1.948430763015015e+18,16.497898,0.007274016,0.02360474,ZTF21aanffck
ztf,59682.419699099846,1928419693015015001,1,1928419693015,18.9213,1,1928,0.832278,18.8145,18.3795,0.233621,0.1764,302.7271978,10.5588572,0.661429,t17_f5_c3,18.2462,0.1993,False,True,False,correction_1.0.6,0.0,,,1.948430763015015e+18,16.517515,0.016445886,0.02816549,ZTF21aanffck
ztf,59684.482199099846,1930482193015015007,1,1930482193015,19.4524,1,1930,0.577396,19.0575,18.77,0.134397,0.1863,302.7270609,10.558861,0.878571,t17_f5_c3,18.5994,0.2029,False,True,False,correction_1.0.6,0.0,,,1.948430763015015e+18,16.544086,100.0,0.01327467,ZTF21aanffck
ztf,59700.43369209999,1946433693015015002,2,1946433693015,20.0681,1,1946,2.8829608,18.929247,18.5653,0.18705519,0.1011,302.7275316,10.5583785,0.23,t17_f5_c3,18.5026,0.1164,True,False,False,correction_1.0.6,0.0,0.24521437,542120230.0,,,,,ZTF21aanffck
ztf,59702.430763899814,1948430763015015005,2,1948430763015,20.154993,1,1948,1.1825811,18.094212,17.7849,0.18764715,0.0478,302.7272947,10.5588208,0.48142856,t17_f5_c3,17.756,0.0565,True,True,True,correction_1.0.6,0.0,0.8859112,542120230.0,,15.421229,100.0,0.016001074,ZTF21aanffck
ztf,59702.472314800136,1948472313015015001,1,1948472313015,20.5324,1,1948,0.664963,18.9185,18.8592,0.115146,0.0876,302.7270686,10.5588349,0.872857,t17_f5_c3,18.9483,0.1155,False,True,False,correction_1.0.6,0.0,,,1.969459293015015e+18,16.529537,100.0,0.012754499,ZTF21aanffck
ztf,59711.462812500075,1957462813015015002,2,1957462813015,20.1125,1,1957,1.65145,18.4862,17.9813,0.172744,0.0566,302.7273528,10.558684,0.355714,t17_f5_c3,17.9466,0.0666,False,False,False,correction_1.0.6,0.0,,,1.969459293015015e+18,,,,ZTF21aanffck
ztf,59713.40185189992,1959401853015015002,2,1959401853015,19.8169,1,1959,1.517,18.1467,17.807,0.282703,0.0727,302.7273526,10.5587376,0.281429,t17_f5_c3,17.8637,0.0951,False,False,False,correction_1.0.6,0.0,,,1.969459293015015e+18,,,,ZTF21aanffck
ztf,59721.431863400154,1967431863015015001,2,1967431863015,20.5543,1,1967,2.05034,18.5298,18.1108,0.10763,0.0566,302.7273563,10.5585405,0.301429,t17_f5_c3,18.1576,0.0695,False,False,False,correction_1.0.6,0.0,,,1.969459293015015e+18,,,,ZTF21aanffck
ztf,59721.44792820001,1967447923015015008,2,1967447923015,20.5959,1,1967,1.94812,18.383,18.029,0.379595,0.0517,302.7274323,10.558645,0.244286,t17_f5_c3,18.0632,0.0626,False,False,False,correction_1.0.6,0.0,,,1.969459293015015e+18,,,,ZTF21aanffck
ztf,59723.459294000175,1969459293015015004,2,1969459293015,20.27408,1,1969,1.483989,18.244877,17.9803,0.1528003,0.055,302.7273281,10.5587272,0.38714287,t17_f5_c3,18.022,0.0683,True,False,False,correction_1.0.6,0.0,0.8478731,542120230.0,,,,,ZTF21aanffck
ztf,59732.44908560021,1978449083015015004,2,1978449083015,20.718012,1,1978,1.4789504,18.354189,17.9827,0.21451107,0.0455,302.7273316,10.5587321,0.3014286,t17_f5_c3,17.9932,0.0531,True,False,False,1.1.2,0.0,0.2721331,542120230.0,,,,,ZTF21aanffck
ztf,59773.37899310002,2019378993015015003,2,2019378993015,19.5388,1,2019,1.15852,18.3358,17.8202,0.209107,0.0926,302.727148,10.5587148,0.365714,t17_f5_c3,17.7491,0.1096,False,True,False,dev,0.0,,,2.044340793015015e+18,15.439858,100.0,0.01452084,ZTF21aanffck
ztf,59785.30694440007,2031306943015015001,2,2031306943015,20.0021,1,2031,1.88209,18.2952,18.1658,0.382461,0.0908,302.7272437,10.5585353,0.264286,t17_f5_c3,18.1956,0.1133,False,False,True,dev,0.0,,,2.044340793015015e+18,,,,ZTF21aanffck
ztf,59785.30694440007,2031306943015015002,2,2031306943015,20.0021,1,2031,1.5492,18.0987,18.2713,0.104121,0.1025,302.7270516,10.5585831,0.311429,t17_f5_c3,18.2483,0.1208,False,False,True,dev,0.0,,,2.044340793015015e+18,,,,ZTF21aanffck
ztf,59798.34079860011,2044340793015015007,2,2044340793015,20.555393,1,2044,2.005833,18.631405,18.3504,0.18114473,0.0696,302.7271806,10.5584729,0.37142858,t17_f5_c3,18.4523,0.09,True,False,True,dev,0.0,0.4082439,542120230.0,,,,,ZTF21aanffck
ztf,59821.22278939979,2067222783015015006,1,2067222783015,20.7724,1,2067,0.516001,19.0781,18.9873,0.181774,0.09,302.7270892,10.5588866,0.65,t17_f5_c3,18.9074,0.1013,False,True,False,dev,0.0,,,2.097157403015015e+18,16.546104,100.0,0.017649528,ZTF21aanffck
ztf,59823.256782399956,2069256783015015002,2,2069256783015,20.5811,1,2069,0.572897,18.1726,17.6457,0.19686,0.0358,302.7271167,10.5588819,0.415714,t17_f5_c3,17.6422,0.0417,False,True,False,dev,0.0,,,2.097157403015015e+18,15.427697,100.0,0.015710736,ZTF21aanffck
ztf,59823.31528940005,2069315283015015004,1,2069315283015,20.4925,1,2069,0.682831,18.7165,18.5491,0.106992,0.0706,302.7270319,10.5588236,0.857143,t17_f5_c3,18.5642,0.0874,False,True,False,dev,0.0,,,2.097157403015015e+18,16.50522,100.0,0.013958519,ZTF21aanffck
ztf,59825.294027800206,2071294023015015000,1,2071294023015,20.643,1,2071,0.613626,18.975,18.9708,0.114389,0.0972,302.7270952,10.5588577,0.75,t17_f5_c3,18.9729,0.1186,False,True,False,dev,0.0,,,2.097157403015015e+18,16.535652,100.0,0.012096096,ZTF21aanffck
ztf,59825.33511570003,2071335113015015000,2,2071335113015,19.9132,1,2071,0.686226,18.3302,17.961,0.17408,0.0616,302.7270888,10.5588354,0.424286,t17_f5_c3,17.8883,0.0705,False,True,False,dev,0.0,,,2.097157403015015e+18,15.439468,100.0,0.012146639,ZTF21aanffck
ztf,59827.31539350003,2073315393015015004,2,2073315393015,19.8448,1,2073,2.43913,19.1079,18.2947,0.252757,0.0914,302.7272397,10.558365,0.33,t17_f5_c3,18.3148,0.1145,False,False,True,dev,0.0,,,2.097157403015015e+18,,,,ZTF21aanffck
ztf,59851.1574074002,2097157403015015008,2,2097157403015,20.62918,1,2097,1.7602428,18.44685,18.0867,0.1554845,0.0528,302.7273725,10.55866,0.27142859,t17_f5_c3,18.0695,0.0606,True,False,True,dev,0.0,0.21306244,542120230.0,,,,,ZTF21aanffck
ztf,59853.14872690011,2099148723015015005,1,2099148723015,20.5455,1,2099,0.513247,18.7512,18.688,0.13016,0.077,302.7270479,10.5588739,0.761429,t17_f5_c3,18.6398,0.0903,False,True,False,dev,0.0,,,2.101164133015015e+18,16.509684,100.0,0.016514724,ZTF21aanffck
ztf,59855.16413189983,2101164133015015005,2,2101164133015,20.283028,1,2101,1.459445,18.178577,17.9334,0.20424625,0.0577,302.7271746,10.5586335,0.32142857,t17_f5_c3,17.9446,0.0702,True,False,True,dev,0.0,0.33444124,542120230.0,,,,,ZTF21aanffck
ztf,59855.23563659983,2101235633015015006,1,2101235633015,20.1016,1,2101,0.918206,18.6395,18.642,0.17739,0.1078,302.7271003,10.5587706,0.59,t17_f5_c3,18.6131,0.1316,False,True,False,1.1.6,0.0,,,2.118128683015015e+18,16.494858,0.01020227,0.024607796,ZTF21aanffck
ztf,59857.22214120021,2103222143015015006,2,2103222143015,19.5731,1,2103,0.918701,18.5601,18.1934,0.183139,0.1154,302.7268668,10.5588073,0.44,t17_f5_c3,18.0875,0.1314,False,True,True,1.1.6,0.0,,,2.120145633015015e+18,15.454022,100.0,0.0104797175,ZTF21aanffck
ztf,59872.12868059985,2118128683015015005,2,2118128683015,20.391308,1,2118,1.6089143,18.23795,17.9729,0.12884155,0.0528,302.7273075,10.5586618,0.36571428,t17_f5_c3,17.9843,0.0635,True,False,False,1.1.6,0.0,0.54684484,542120230.0,,,,,ZTF21aanffck
ztf,59872.183935199864,2118183933015015003,1,2118183933015,20.2146,1,2118,0.538615,18.8419,18.6908,0.104871,0.0938,302.7270693,10.5588717,0.865714,t17_f5_c3,18.7046,0.118,False,True,False,1.1.6,0.0,,,2.120145633015015e+18,16.52078,100.0,0.012365393,ZTF21aanffck
ztf,59874.14563659998,2120145633015015003,2,2120145633015,20.27022,1,2120,1.263034,17.924524,17.6935,0.10342066,0.0425,302.7272088,10.5587107,0.33571428,t17_f5_c3,17.6674,0.0496,True,True,True,1.1.6,0.0,0.96231276,542120230.0,,15.40568,100.0,0.010164113,ZTF21aanffck
ztf,59874.18607639987,2120186073015015002,1,2120186073015,20.5513,1,2120,0.688512,18.807,18.7748,0.114957,0.0842,302.727092,10.5588375,0.827143,t17_f5_c3,18.7189,0.0975,False,True,False,1.1.6,0.0,,,2.127261203015015e+18,16.516607,100.0,0.013943719,ZTF21aanffck
ztf,59881.26120370021,2127261203015015002,2,2127261203015,19.716661,1,2127,1.4197562,18.503805,18.2972,0.12086048,0.1084,302.7272951,10.5587231,0.46857142,t17_f5_c3,18.3556,0.1426,True,False,False,1.1.6,0.0,0.611817,542120230.0,,,,,ZTF21aanffck
ztf,59883.165636599995,2129165633015015004,1,2129165633015,19.8919,1,2129,0.436732,18.6737,18.4406,0.108185,0.0928,302.7270087,10.5588934,0.871429,t17_f5_c3,18.4037,0.1126,False,True,False,1.1.6,0.0,,,2.159129283015015e+18,16.499538,100.0,0.014605034,ZTF21aanffck
ztf,59888.12423609989,2134124233015015003,2,2134124233015,19.3811,1,2134,2.04404,18.8848,18.254,0.199744,0.118,302.7276008,10.5589317,0.372857,t17_f5_c3,18.1298,0.1325,False,False,False,1.1.6,0.0,,,2.159129283015015e+18,,,,ZTF21aanffck
ztf,59895.13856479991,2141138563015015002,2,2141138563015,20.2835,1,2141,0.991356,18.1131,17.5914,0.307095,0.0417,302.7271917,10.5587924,0.354286,t17_f5_c3,17.5581,0.0486,False,True,True,1.1.6,0.0,,,2.159129283015015e+18,15.422828,0.017151067,0.025772922,ZTF21aanffck
ztf,59895.16462960001,2141164623015015004,1,2141164623015,19.6937,1,2141,0.464507,18.9446,18.4944,0.165878,0.1258,302.7269749,10.5588934,0.77,t17_f5_c3,18.3507,0.1398,False,True,False,1.1.6,0.0,,,2.159129283015015e+18,16.532398,100.0,0.017984902,ZTF21aanffck
ztf,59897.13597219996,2143135973015015007,1,2143135973015,20.1306,1,2143,0.444852,18.8396,18.7337,0.103931,0.1025,302.7270576,10.558896,0.892857,t17_f5_c3,18.7376,0.1283,False,True,False,1.1.6,0.0,,,2.159129283015015e+18,16.52051,100.0,0.012277478,ZTF21aanffck
ztf,59899.11171300011,2145111713015015008,2,2145111713015,19.7054,1,2145,1.12165,18.3425,17.9717,0.135505,0.0656,302.727331,10.5591008,0.588571,t17_f5_c3,17.9329,0.0775,False,True,True,1.1.6,0.0,,,2.159129283015015e+18,15.440322,100.0,0.009355864,ZTF21aanffck
ztf,59899.14399310015,2145143993015015004,1,2145143993015,19.7417,1,2145,0.746422,18.8903,18.8474,0.14334,0.1286,302.7271345,10.5588373,0.797143,t17_f5_c3,18.8111,0.1563,False,True,False,1.1.6,0.0,,,2.159129283015015e+18,16.526377,100.0,0.016247928,ZTF21aanffck
ztf,59903.145659700036,2149145653015015003,2,2149145653015,19.3983,1,2149,0.697752,17.7398,17.6083,0.09889,0.05,302.7270864,10.5588308,0.682857,t17_f5_c3,17.5838,0.0601,False,True,True,1.1.6,0.0,,,2.159129283015015e+18,15.386067,100.0,0.011315131,ZTF21aanffck
ztf,59903.18199069984,2149181993015015002,1,2149181993015,19.2643,1,2149,0.531876,18.4383,18.3967,0.146549,0.1083,302.7269831,10.5588715,0.751429,t17_f5_c3,18.3405,0.13,False,True,False,1.1.6,0.0,,,2.159129283015015e+18,16.464619,0.009590588,0.023796381,ZTF21aanffck
ztf,59907.11055559991,2153110553015015003,1,2153110553015,19.908,1,2153,0.643333,18.7884,18.6314,0.154102,0.0989,302.7269232,10.5588639,0.848571,t17_f5_c3,18.6169,0.1221,False,True,False,1.1.6,0.0,,,2.159129283015015e+18,16.514334,100.0,0.018974997,ZTF21aanffck
ztf,59909.143946799915,2155143943015015005,2,2155143943015,19.7672,1,2155,0.627187,18.1022,17.9584,0.20983,0.0735,302.7270293,10.5588396,0.442857,t17_f5_c3,17.9302,0.0888,False,True,True,1.1.6,0.0,,,2.159129283015015e+18,15.421908,100.0,0.017772604,ZTF21aanffck
ztf,59909.15252309991,2155152523015015005,1,2155152523015,19.652,1,2155,0.450715,19.0563,18.8668,0.17816,0.152,302.726968,10.558901,0.89,t17_f5_c3,18.9207,0.2016,False,True,False,1.1.6,0.0,,,2.159129283015015e+18,16.543968,100.0,0.017614791,ZTF21aanffck
ztf,59913.10239579994,2159102393015015001,1,2159102393015,19.4293,1,2159,0.894322,18.7563,18.7975,0.139457,0.1454,302.7270919,10.558774,0.624286,t17_f5_c3,18.7631,0.1784,False,True,False,1.1.6,0.0,,,2.159129283015015e+18,16.51033,100.0,0.017621884,ZTF21aanffck
ztf,59913.12928240001,2159129283015015000,2,2159129283015,19.430683,1,2159,1.399624,18.039452,17.6405,0.15843754,0.06,302.7273313,10.5587639,0.37142858,t17_f5_c3,17.5704,0.0706,True,True,True,1.1.6,0.0,0.94784534,542120230.0,,15.4164505,100.0,0.014146783,ZTF21aanffck
ztf,59913.12928240001,2159129283015015001,2,2159129283015,19.430683,1,2159,1.0981737,17.734592,17.6154,0.07696989,0.0594,302.7272205,10.5587752,0.61285716,t17_f5_c3,17.5524,0.0697,True,True,True,1.1.6,0.0,0.97027695,542120230.0,,15.38547,100.0,0.008844475,ZTF21aanffck
ztf,59996.55356479995,2242553563015015007,2,2242553563015,19.6366,1,2242,0.899645,18.1853,17.7027,0.158976,0.067,302.7271071,10.5587767,0.45,t17_f5_c3,17.6948,0.0829,False,True,False,1.1.6,0.0,,,2.242558283015015e+18,15.428705,100.0,0.012551438,ZTF21aanffck
ztf,59996.55828699982,2242558283015015002,2,2242558283015,19.381714,1,2242,2.0809536,17.964989,17.7489,0.10595278,0.0839,302.7274316,10.5585901,0.38714287,t17_f5_c3,17.7042,0.1013,True,False,True,1.1.6,0.0,0.6479628,542120230.0,,,,,ZTF21aanffck
ztf,60016.52170140017,2262521703015015002,2,2262521703015,19.3961,1,2262,0.854239,17.9947,17.7778,0.114077,0.0708,302.7272337,10.558897,0.742857,t17_f5_c3,17.7438,0.0853,False,True,False,1.1.6,0.0,,,2.262524203015015e+18,15.412379,100.0,0.010574745,ZTF21aanffck
ztf,60016.52420140011,2262524203015015005,2,2262524203015,19.546015,1,2262,1.1487561,17.920656,17.7474,0.13464683,0.0676,302.7271789,10.5587321,0.6614286,t17_f5_c3,17.709,0.081,True,True,False,1.1.6,0.0,0.875078,542120230.0,,15.405299,100.0,0.013275572,ZTF21aanffck
ztf,60016.52670140006,2262526703015015002,2,2262526703015,19.698112,1,2262,1.6590109,18.212698,17.8212,0.1841096,0.0694,302.7273361,10.5586638,0.41285715,t17_f5_c3,17.8126,0.0857,True,False,True,1.1.6,0.0,0.7122888,542120230.0,,,,,ZTF21aanffck
ztf,60036.46432870021,2282464323015015005,2,2282464323015,19.6772,1,2282,1.30908,18.0457,17.6276,0.140425,0.0628,302.7272041,10.5586934,0.504286,t17_f5_c3,17.5594,0.0735,False,True,False,1.2.0,0.0,,,2.306470433015015e+18,15.417007,100.0,0.012472895,ZTF21aanffck
ztf,60043.44515050016,2289445153015015002,1,2289445153015,19.1021,1,2289,1.08443,18.8011,18.4964,0.241188,0.1696,302.7272032,10.5587705,0.704286,t17_f5_c3,18.4561,0.2083,False,True,False,1.2.0,0.0,,,2.306470433015015e+18,16.51589,0.01851469,0.029394886,ZTF21aanffck
ztf,60045.4494097,2291449403015015008,2,2291449403015,20.2091,1,2291,1.18541,18.1142,17.6856,0.224362,0.0489,302.7271668,10.5587143,0.335714,t17_f5_c3,17.6961,0.0598,False,True,False,1.2.0,0.0,,,2.306470433015015e+18,15.422919,100.0,0.018812085,ZTF21aanffck
ztf,60051.45326389978,2297453263015015005,2,2297453263015,20.6025,1,2297,2.1089,18.6074,18.3103,0.272742,0.065,302.7274059,10.5585564,0.254286,t17_f5_c3,18.2962,0.075,False,False,True,1.2.0,0.0,,,2.306470433015015e+18,,,,ZTF21aanffck
ztf,60055.46768519981,2301467683015015009,2,2301467683015,20.5351,1,2301,0.946205,18.1193,17.8213,0.206539,0.0439,302.7271989,10.5588142,0.314286,t17_f5_c3,17.7674,0.049,False,True,False,1.2.0,0.0,,,2.306470433015015e+18,15.4233465,100.0,0.017243296,ZTF21aanffck
ztf,60057.47502310015,2303475023015015003,1,2303475023015,20.5231,1,2303,0.474949,18.8299,18.7109,0.143063,0.0815,302.727085,10.5588979,0.837143,t17_f5_c3,18.7324,0.1019,False,True,False,1.2.0,0.0,,,2.306470433015015e+18,16.51936,100.0,0.01703377,ZTF21aanffck
ztf,60060.47043980006,2306470433015015005,2,2306470433015,20.270906,1,2306,1.6752636,18.407322,18.0216,0.10362063,0.0581,302.7273078,10.5586368,0.43285716,t17_f5_c3,18.0365,0.0708,True,False,True,1.2.0,0.0,0.6483318,542120230.0,,,,,ZTF21aanffck
ztf,60065.46277779993,2311462773015015004,1,2311462773015,20.1106,1,2311,1.02259,18.8518,18.7648,0.13167,0.0869,302.7271938,10.5587825,0.711429,t17_f5_c3,18.7819,0.1082,False,True,False,1.2.0,0.0,,,2.323447013015015e+18,16.521944,100.0,0.015400827,ZTF21aanffck
ztf,60077.44701390015,2323447013015015004,2,2323447013015,20.31758,1,2323,1.7358712,17.837057,17.7655,0.13242818,0.0454,302.7273856,10.5586816,0.32285714,t17_f5_c3,17.7684,0.0547,True,False,False,1.2.0,0.0,0.5480037,542120230.0,,,,,ZTF21aanffck
ztf,60077.44701390015,2323447013015015005,2,2323447013015,20.31758,1,2323,1.2896649,17.720652,17.7359,0.055503,0.0453,302.7271558,10.5586772,0.57,t17_f5_c3,17.7238,0.0533,True,True,True,1.2.0,0.0,0.5378016,542120230.0,,15.38386,100.0,0.0064505916,ZTF21aanffck
ztf,60079.43350689998,2325433503015015014,2,2325433503015,20.657932,1,2325,1.2593858,18.08611,17.8059,0.18214592,0.0401,302.7272115,10.5587159,0.34,t17_f5_c3,17.7879,0.0456,True,True,True,1.2.0,0.0,0.5535241,542120230.0,,15.420536,100.0,0.015638325,ZTF21aanffck
ztf,60103.399455999956,2349399453015015004,2,2349399453015,20.0177,1,2349,1.67063,18.2934,18.0435,0.268248,0.078,302.7272789,10.5586189,0.33,t17_f5_c3,17.9998,0.0924,False,False,False,1.2.0,0.0,,,2.364456673015015e+18,,,,ZTF21aanffck
ztf,60108.397060200106,2354397063015015004,1,2354397063015,20.6345,1,2354,0.694938,18.8092,18.6707,0.088448,0.0697,302.72713,10.5588528,0.892857,t17_f5_c3,18.7154,0.0878,False,True,False,1.2.0,0.0,,,2.364456673015015e+18,16.516874,100.0,0.010709212,ZTF21aanffck
ztf,60115.341006900184,2361341003015015007,2,2361341003015,20.5677,1,2361,1.01214,18.032,17.7884,0.139001,0.0393,302.7271991,10.5587928,0.357143,t17_f5_c3,17.7544,0.045,False,True,True,1.2.0,0.0,,,2.364456673015015e+18,15.415783,100.0,0.0124891065,ZTF21aanffck
ztf,60115.341006900184,2361341003015015008,2,2361341003015,20.5677,1,2361,1.05623,17.7841,17.7356,0.053389,0.039,302.7270137,10.5587204,0.481429,t17_f5_c3,17.7164,0.0445,False,True,True,1.2.0,0.0,,,2.364456673015015e+18,15.391046,100.0,0.005891559,ZTF21aanffck
ztf,60118.45667820005,2364456673015015006,2,2364456673015,20.529041,1,2364,1.1850135,17.976412,17.5988,0.09213151,0.035,302.7272837,10.5588075,0.37428573,t17_f5_c3,17.5908,0.0408,True,True,True,1.2.0,0.0,0.85730577,542120230.0,,15.41067,100.0,0.00867185,ZTF21aanffck
ztf,60120.3935647998,2366393563015015011,2,2366393563015,20.6901,1,2366,1.32353,18.0946,17.6871,0.185352,0.035,302.7272401,10.5587104,0.315714,t17_f5_c3,17.6893,0.0405,False,True,True,1.2.0,0.0,,,2.368441813015015e+18,15.421263,100.0,0.01580018,ZTF21aanffck
ztf,60120.419375000056,2366419373015015005,1,2366419373015,20.5913,1,2366,0.509199,18.7654,18.6691,0.106508,0.0692,302.7270818,10.5588852,0.895714,t17_f5_c3,18.7095,0.0872,False,True,False,1.2.0,0.0,,,2.368441813015015e+18,16.511477,100.0,0.0133601865,ZTF21aanffck
ztf,60122.44181710016,2368441813015015008,2,2368441813015,20.6768,1,2368,1.33986,18.2509,17.7643,0.132899,0.037,302.7273084,10.5587653,0.318571,t17_f5_c3,17.7589,0.0428,False,True,True,1.2.0,0.0,,,2.374402343015015e+18,15.4337435,100.0,0.009923362,ZTF21aanffck
ztf,60122.44181710016,2368441813015015009,2,2368441813015,20.676758,1,2368,1.4164839,17.885881,17.9318,0.0567286,0.0444,302.7271967,10.5586562,0.50285715,t17_f5_c3,17.9181,0.0505,True,False,False,1.2.0,0.0,0.4737798,542120230.0,,,,,ZTF21aanffck
ztf,60128.402349499986,2374402343015015002,2,2374402343015,19.39272,1,2374,1.3737975,17.943127,17.5672,0.115545,0.0743,302.7271676,10.5586567,0.45,t17_f5_c3,17.4997,0.0883,True,True,True,1.2.0,0.0,0.9179205,542120230.0,,15.407494,100.0,0.011181448,ZTF21aanffck
ztf,60134.37766199978,2380377663015015002,1,2380377663015,20.4972,1,2380,0.577035,18.7468,18.7415,0.131968,0.0871,302.7271247,10.5588878,0.801429,t17_f5_c3,18.714,0.1047,False,True,False,1.2.0,0.0,,,2.380422023015015e+18,16.509125,100.0,0.016803464,ZTF21aanffck
ztf,60134.422025499865,2380422023015015008,2,2380422023015,20.628822,1,2380,1.3276814,18.05678,17.7523,0.15788116,0.0388,302.7272344,10.5587054,0.31714284,t17_f5_c3,17.794,0.0471,True,True,False,1.2.0,0.0,0.4915667,542120230.0,,15.417987,100.0,0.013893544,ZTF21aanffck
ztf,60140.344444400165,2386344443015015005,1,2386344443015,20.7802,1,2386,0.571481,18.6692,18.6123,0.122307,0.0634,302.7270821,10.5588657,0.795714,t17_f5_c3,18.6334,0.0778,False,True,False,1.2.0,0.0,,,2.408315723015015e+18,16.49893,100.0,0.01657079,ZTF21aanffck
ztf,60144.40560190007,2390405603015015004,1,2390405603015,20.8563,1,2390,0.770485,18.6796,18.6128,0.125673,0.0618,302.7270795,10.558807,0.728571,t17_f5_c3,18.5442,0.0696,False,True,False,1.2.0,0.0,,,2.408315723015015e+18,16.500334,100.0,0.01688634,ZTF21aanffck
ztf,60160.28273149999,2406282733015015009,2,2406282733015,20.2422,1,2406,1.06396,18.0245,17.5908,0.147116,0.0428,302.7272387,10.5588063,0.322857,t17_f5_c3,17.5601,0.0504,False,True,False,1.2.0,0.0,,,2.408315723015015e+18,15.415108,100.0,0.013301569,ZTF21aanffck
ztf,60160.297106499784,2406297103015015004,1,2406297103015,19.761,1,2406,0.680191,18.7018,18.4822,0.139236,0.1153,302.7270737,10.5588322,0.872857,t17_f5_c3,18.4037,0.136,False,True,False,1.2.0,0.0,,,2.408315723015015e+18,16.50329,100.0,0.018380104,ZTF21aanffck
ztf,60162.31572919991,2408315723015015007,2,2408315723015,20.597866,1,2408,1.3447759,17.948622,17.7217,0.17382184,0.0389,302.7272993,10.5587549,0.31857142,t17_f5_c3,17.7639,0.0474,True,True,False,1.2.0,0.0,0.5160826,542120230.0,,15.408025,100.0,0.01674424,ZTF21aanffck
ztf,60172.27756940015,2418277563015015004,2,2418277563015,20.579117,1,2418,1.104712,18.025671,17.6414,0.1515861,0.0364,302.7271821,10.5587474,0.40714285,t17_f5_c3,17.632,0.0423,True,True,False,1.2.0,0.0,0.8521387,542120230.0,,15.415213,100.0,0.013692294,ZTF21aanffck
ztf,60172.27756940015,2418277563015025004,2,2418277563015,20.5791,1,2418,1.10471,18.0257,17.6414,0.151586,0.0364,302.7271821,10.5587474,0.407143,t17_f5_c3,17.632,0.0423,False,True,False,1.2.0,0.0,,,2.431251893015015e+18,15.4152155,100.0,0.013691956,ZTF21aanffck
ztf,60174.255659699906,2420255653015015005,2,2420255653015,20.3641,1,2420,0.604085,17.8779,17.6573,0.149044,0.0395,302.7269274,10.5588731,0.591429,t17_f5_c3,17.6348,0.0457,False,True,False,1.2.0,0.0,,,2.431251893015015e+18,15.401008,100.0,0.015225022,ZTF21aanffck
ztf,60181.23468750017,2427234683015015005,2,2427234683015,20.2042,1,2427,0.925082,17.7812,17.5962,0.157501,0.0411,302.7271953,10.5588189,0.512857,t17_f5_c3,17.6122,0.0506,False,True,False,1.2.0,0.0,,,2.431251893015015e+18,15.390725,100.0,0.017421812,ZTF21aanffck
ztf,60181.23468750017,2427234683015015006,2,2427234683015,20.2042,1,2427,1.15033,17.586,17.5866,0.050337,0.0417,302.7270569,10.5586942,0.72,t17_f5_c3,17.5671,0.0492,False,True,False,1.2.0,0.0,,,2.431251893015015e+18,15.367325,100.0,0.0065225456,ZTF21aanffck
ztf,60183.322789399885,2429322783015015003,1,2429322783015,19.8647,1,2429,0.497473,18.7198,18.5989,0.168811,0.1174,302.726957,10.5588917,0.815714,t17_f5_c3,18.6762,0.1591,False,True,False,1.2.0,0.0,,,2.431251893015015e+18,16.50565,100.0,0.021965455,ZTF21aanffck
ztf,60183.37479169993,2429374793015015003,2,2429374793015,19.9919,1,2429,1.00364,17.9017,17.6844,0.187505,0.0498,302.7269612,10.5587405,0.45,t17_f5_c3,17.6259,0.0575,False,True,False,1.2.0,0.0,,,2.431251893015015e+18,15.403415,100.0,0.018780159,ZTF21aanffck
ztf,60185.183576399926,2431183573015015002,1,2431183573015,19.5587,1,2431,0.530784,18.3643,18.3549,0.115013,0.1277,302.7270491,10.558869,0.888571,t17_f5_c3,18.2149,0.143,False,True,False,1.2.0,0.0,,,2.431251893015015e+18,16.452255,100.0,0.019766469,ZTF21aanffck
ztf,60185.251898100134,2431251893015015005,2,2431251893015,19.870853,1,2431,1.1531639,17.793839,17.3979,0.14575996,0.0459,302.7272409,10.5587732,0.34285715,t17_f5_c3,17.4177,0.0579,True,True,False,1.2.0,0.0,0.69987696,542120230.0,,15.392117,100.0,0.015956927,ZTF21aanffck
ztf,60187.24265050003,2433242653015015006,2,2433242653015,19.5776,1,2433,0.906625,17.5994,17.4218,0.135056,0.0601,302.7271542,10.5587964,0.602857,t17_f5_c3,17.4307,0.0761,False,True,False,1.2.1,0.0,,,2.444269003015015e+18,15.369052,100.0,0.017313099,ZTF21aanffck
ztf,60195.330844900105,2441330843015015004,1,2441330843015,20.2944,1,2441,0.632185,18.3527,18.2161,0.09052,0.0649,302.7269834,10.5588434,0.854286,t17_f5_c3,18.2815,0.0851,False,True,False,1.2.1,0.0,,,2.444269003015015e+18,16.450253,100.0,0.015695166,ZTF21aanffck
ztf,60198.23554399982,2444235543015015003,1,2444235543015,20.3532,1,2444,0.516982,18.4178,18.3602,0.079504,0.0632,302.7270154,10.5588715,0.935714,t17_f5_c3,18.3693,0.0783,False,True,False,1.2.1,0.0,,,2.444269003015015e+18,16.461264,100.0,0.013115184,ZTF21aanffck
ztf,60198.26900460012,2444269003015015008,2,2444269003015,20.096733,1,2444,1.1706506,17.507948,17.6688,0.10600355,0.0434,302.7272356,10.5587622,0.32857144,t17_f5_c3,17.5916,0.0492,True,True,False,1.2.1,0.0,0.96481836,542120230.0,,15.356889,100.0,0.014618298,ZTF21aanffck
ztf,60198.26900460012,2444269003015015009,2,2444269003015,20.0967,1,2444,0.564279,17.4555,17.395,0.045424,0.0351,302.7270574,10.558861,0.681429,t17_f5_c3,17.3718,0.0412,False,True,False,1.2.1,0.0,,,2.469185523015015e+18,15.3495035,100.0,0.0065296064,ZTF21aanffck
ztf,60203.268680599984,2449268683015015008,1,2449268683015,20.8333,1,2449,0.621742,18.4886,18.4714,0.116075,0.0548,302.7270552,10.5588449,0.81,t17_f5_c3,18.4562,0.0644,False,True,False,1.2.1,0.0,,,2.469185523015015e+18,16.47263,100.0,0.018128041,ZTF21aanffck
ztf,60207.2239351999,2453223933015015005,1,2453223933015,20.9225,1,2453,0.235834,18.3866,18.319,0.105437,0.0464,302.7270066,10.5589513,0.715714,t17_f5_c3,18.3845,0.0583,False,True,False,1.2.1,0.0,,,2.469185523015015e+18,16.456055,100.0,0.017814556,ZTF21aanffck
ztf,60211.14900460001,2457149003015015005,2,2457149003015,20.4318,1,2457,0.703603,17.7163,17.4771,0.192881,0.0346,302.7271069,10.5588362,0.43,t17_f5_c3,17.4804,0.0413,False,True,False,1.2.1,0.0,,,2.469185523015015e+18,15.383352,0.012726125,0.022496289,ZTF21aanffck
ztf,60211.22219910007,2457222193015015005,1,2457222193015,19.8867,1,2457,0.298002,18.3657,18.3043,0.095838,0.0861,302.7270272,10.5589311,0.944286,t17_f5_c3,18.3049,0.1085,False,True,False,1.2.1,0.0,,,2.469185523015015e+18,16.452496,100.0,0.016453417,ZTF21aanffck
ztf,60213.19273150014,2459192733015015005,2,2459192733015,19.614216,1,2459,1.1887583,17.775126,17.6848,0.111383475,0.0622,302.7272157,10.5587409,0.43285716,t17_f5_c3,17.7254,0.0807,True,True,False,1.2.1,0.0,0.9798598,542120230.0,,15.390052,100.0,0.012382014,ZTF21aanffck
ztf,60213.19273150014,2459192733015015006,2,2459192733015,19.6142,1,2459,0.734411,17.7007,17.6707,0.072538,0.0619,302.7269883,10.5588117,0.744286,t17_f5_c3,17.6732,0.0772,False,True,False,1.2.1,0.0,,,2.469185523015015e+18,15.381522,100.0,0.008568287,ZTF21aanffck
ztf,60215.181504600216,2461181503015015003,1,2461181503015,19.8125,1,2461,0.651033,18.3858,18.3799,0.164303,0.12,302.727083,10.5588427,0.528571,t17_f5_c3,18.4218,0.1584,False,True,False,1.2.1,0.0,,,2.469185523015015e+18,16.45592,0.017459752,0.027777538,ZTF21aanffck
ztf,60215.234259299934,2461234253015015004,2,2461234253015,19.8562,1,2461,0.954567,17.6462,17.4187,0.177089,0.0486,302.7271986,10.55881,0.401429,t17_f5_c3,17.468,0.0631,False,True,False,1.2.1,0.0,,,2.469185523015015e+18,15.37494,0.011794267,0.021861875,ZTF21aanffck
ztf,60217.12966440013,2463129663015015001,1,2463129663015,19.8977,1,2463,0.326742,18.4474,18.3382,0.131071,0.1024,302.7270757,10.5589396,0.784286,t17_f5_c3,18.3937,0.1365,False,True,False,1.2.1,0.0,,,2.469185523015015e+18,16.466091,100.0,0.021134097,ZTF21aanffck
ztf,60217.15261569992,2463152613015015008,2,2463152613015,20.0999,1,2463,0.953913,17.5511,17.2928,0.074127,0.0365,302.7272008,10.5588128,0.407143,t17_f5_c3,17.3461,0.0468,False,True,False,1.2.1,0.0,,,2.469185523015015e+18,15.362739,100.0,0.009877158,ZTF21aanffck
ztf,60221.28853010014,2467288533015015002,2,2467288533015,19.4201,1,2467,0.475003,17.424,17.3529,0.058086,0.0475,302.7270996,10.5589053,0.747143,t17_f5_c3,17.3498,0.0587,False,True,False,1.2.1,0.0,,,2.469185523015015e+18,15.344919,100.0,0.008559318,ZTF21aanffck
ztf,60221.28853010014,2467288533015015003,2,2467288533015,19.4201,1,2467,1.05447,17.5281,17.4695,0.081853,0.0522,302.7272625,10.5588352,0.438571,t17_f5_c3,17.4363,0.0633,False,True,False,1.2.1,0.0,,,2.469185523015015e+18,15.359646,100.0,0.011108445,ZTF21aanffck
ztf,60223.18552079983,2469185523015015009,2,2469185523015,20.086294,1,2469,1.2327532,17.60353,17.6248,0.09333438,0.0424,302.7272671,10.5587708,0.28714284,t17_f5_c3,17.5697,0.0489,True,True,False,1.2.1,0.0,0.9949156,542120230.0,,15.36958,100.0,0.011925085,ZTF21aanffck
ztf,60223.18552079983,2469185523015015010,2,2469185523015,20.0863,1,2469,0.684078,17.517,17.4501,0.048385,0.0371,302.7269942,10.5588276,0.665714,t17_f5_c3,17.4069,0.0429,False,True,False,1.2.1,0.0,,,2.472224073015015e+18,15.358132,100.0,0.0066246632,ZTF21aanffck
ztf,60223.32228010008,2469322283015015007,1,2469322283015,18.8734,1,2469,0.457667,18.0139,18.2288,0.154134,0.1263,302.7269894,10.5588914,0.717143,t17_f5_c3,18.029,0.1337,False,True,False,1.2.1,0.0,,,2.472224073015015e+18,16.383411,0.02775454,0.03433228,ZTF21aanffck
ztf,60226.224074100144,2472224073015015007,2,2472224073015,20.224604,1,2472,1.3209605,17.422634,17.3736,0.1331022,0.0342,302.7272337,10.558711,0.42285714,t17_f5_c3,17.3696,0.0408,True,True,False,1.2.1,0.0,0.8720065,542120230.0,,15.344718,0.008063655,0.019634446,ZTF21aanffck
ztf,60228.16202550009,2474162023015015002,2,2474162023015,19.7622,1,2474,0.754217,17.4734,17.3242,0.06409,0.0315,302.7271657,10.5588588,0.715714,t17_f5_c3,17.2779,0.0362,False,True,False,1.2.1,0.0,,,2.504120113015015e+18,15.352058,100.0,0.00908351,ZTF21aanffck
ztf,60228.267152800225,2474267153015015003,1,2474267153015,20.0265,1,2474,0.342954,18.3484,18.2371,0.08813,0.0646,302.7270132,10.5589209,0.9,t17_f5_c3,18.1832,0.0762,False,True,False,1.2.1,0.0,,,2.504120113015015e+18,16.449507,100.0,0.0153308455,ZTF21aanffck
ztf,60231.158171299845,2477158173015015007,2,2477158173015,20.0683,1,2477,1.03959,17.6063,17.3576,0.094788,0.0351,302.727137,10.5587473,0.397143,t17_f5_c3,17.3198,0.0411,False,True,False,1.2.1,0.0,,,2.504120113015015e+18,15.369934,100.0,0.012083891,ZTF21aanffck
ztf,60231.18446760019,2477184463015015007,1,2477184463015,20.5564,1,2477,0.419895,18.3104,18.2842,0.108965,0.0558,302.7270025,10.5589004,0.798571,t17_f5_c3,18.2145,0.064,False,True,False,1.2.1,0.0,,,2.504120113015015e+18,16.442799,100.0,0.019509528,ZTF21aanffck
ztf,60233.15336810006,2479153363015015003,2,2479153363015,20.3744,1,2479,0.999858,17.6862,17.6494,0.188809,0.0388,302.7272223,10.5588165,0.31,t17_f5_c3,17.6215,0.0454,False,True,False,1.2.1,0.0,,,2.504120113015015e+18,15.379799,0.012936758,0.022566412,ZTF21aanffck
ztf,60233.15336810006,2479153363015015004,2,2479153363015,20.3744,1,2479,0.40439,17.5084,17.4909,0.044457,0.0349,302.7269754,10.5589126,0.455714,t17_f5_c3,17.4701,0.0405,False,True,False,1.2.1,0.0,,,2.504120113015015e+18,15.356952,100.0,0.0061285915,ZTF21aanffck
ztf,60233.199513900094,2479199513015015004,1,2479199513015,20.3898,1,2479,0.549299,18.5004,18.3741,0.075157,0.0655,302.7270336,10.5588609,0.85,t17_f5_c3,18.381,0.0812,False,True,False,1.2.1,0.0,,,2.504120113015015e+18,16.474464,100.0,0.011630413,ZTF21aanffck
ztf,60235.139027799945,2481139023015015004,2,2481139023015,20.1795,1,2481,0.92817,17.6196,17.4258,0.094013,0.0351,302.7271875,10.5588124,0.404286,t17_f5_c3,17.436,0.0424,False,True,False,1.2.1,0.0,,,2.504120113015015e+18,15.37162,100.0,0.011857578,ZTF21aanffck
ztf,60235.17850690009,2481178503015015005,1,2481178503015,20.4774,1,2481,0.48544,18.3863,18.2831,0.122015,0.0572,302.7270062,10.5588803,0.884286,t17_f5_c3,18.2293,0.0668,False,True,False,1.2.1,0.0,,,2.504120113015015e+18,16.456005,100.0,0.020620318,ZTF21aanffck
ztf,60237.18356479984,2483183563015015002,2,2483183563015,19.9742,1,2483,0.926465,17.6488,17.5253,0.107376,0.0433,302.7270668,10.5587595,0.462857,t17_f5_c3,17.5241,0.0527,False,True,False,1.2.1,0.0,,,2.504120113015015e+18,15.37526,100.0,0.013227915,ZTF21aanffck
ztf,60237.18356479984,2483183563015015003,2,2483183563015,19.9742,1,2483,0.931746,17.5472,17.4756,0.05308,0.0418,302.7268795,10.5587942,0.63,t17_f5_c3,17.4334,0.0488,False,True,False,1.2.1,0.0,,,2.504120113015015e+18,15.362218,100.0,0.007094773,ZTF21aanffck
ztf,60237.22138890019,2483221383015015007,1,2483221383015,20.2386,1,2483,0.590643,18.3605,18.1902,0.087078,0.0637,302.7269802,10.5588552,0.854286,t17_f5_c3,18.1094,0.0732,False,True,False,1.2.1,0.0,,,2.504120113015015e+18,16.451601,100.0,0.0150088975,ZTF21aanffck
ztf,60239.222696799785,2485222693015015004,2,2485222693015,20.3153,1,2485,0.637518,17.6654,17.3671,0.196156,0.0341,302.7271279,10.5588698,0.357143,t17_f5_c3,17.4061,0.0423,False,True,False,1.2.1,0.0,,,2.504120113015015e+18,15.377292,0.015105435,0.023842864,ZTF21aanffck
ztf,60242.16496529989,2488164963015015002,1,2488164963015,19.5832,1,2488,0.328502,18.4442,18.4072,0.114432,0.1267,302.7270521,10.5589287,0.918571,t17_f5_c3,18.3717,0.1558,False,True,False,1.2.1,0.0,,,2.504120113015015e+18,16.465576,100.0,0.018496836,ZTF21aanffck
ztf,60245.161840300076,2491161843015015012,2,2491161843015,19.5013,1,2491,1.00948,17.7657,17.3826,0.123838,0.0541,302.7272132,10.5588034,0.354286,t17_f5_c3,17.3771,0.0674,False,True,False,1.2.1,0.0,,,2.504120113015015e+18,15.389,100.0,0.013873119,ZTF21aanffck
ztf,60245.244756899774,2491244753015015001,1,2491244753015,18.3336,1,2491,0.965136,18.2334,18.1033,0.208068,0.1836,302.7268976,10.5587737,0.521429,t17_f5_c3,18.14,0.2434,False,True,False,1.2.1,0.0,,,2.504120113015015e+18,16.428606,0.03337935,0.03947184,ZTF21aanffck
ztf,60247.15103009995,2493151033015015002,2,2493151033015,19.088,1,2493,0.593606,17.5379,17.4419,0.092197,0.0528,302.7271247,10.5588826,0.598571,t17_f5_c3,17.3753,0.0621,False,True,False,1.2.1,0.0,,,2.504120113015015e+18,15.3609705,100.0,0.0124149425,ZTF21aanffck
ztf,60249.150937499944,2495150933015015003,2,2495150933015,19.255928,1,2495,1.4046651,17.755346,17.4604,0.15634382,0.0679,302.7272704,10.5587046,0.37285715,t17_f5_c3,17.4448,0.0842,True,False,False,1.2.1,0.0,0.9839202,542120230.0,,,,,ZTF21aanffck
ztf,60249.150937499944,2495150933015015004,2,2495150933015,19.2559,1,2495,1.06974,17.4767,17.4929,0.075724,0.0702,302.7271382,10.5587371,0.614286,t17_f5_c3,17.4674,0.0861,False,True,False,1.2.1,0.0,,,2.504120113015015e+18,15.352526,100.0,0.01070444,ZTF21aanffck
ztf,60251.12504629977,2497125043015015009,1,2497125043015,20.4888,1,2497,0.550038,18.5529,18.423,0.106177,0.0646,302.727031,10.5588625,0.771429,t17_f5_c3,18.3674,0.0753,False,True,False,1.2.1,0.0,,,2.504120113015015e+18,16.482426,100.0,0.015770312,ZTF21aanffck
ztf,60251.18471059995,2497184713015015005,2,2497184713015,19.9454,1,2497,0.964413,17.57,17.4719,0.054733,0.0418,302.7268738,10.5587889,0.502857,t17_f5_c3,17.4508,0.0499,False,True,False,1.2.1,0.0,,,2.504120113015015e+18,15.365238,100.0,0.0071836417,ZTF21aanffck
ztf,60251.18471059995,2497184713015015006,2,2497184713015,19.9454,1,2497,1.12159,17.719,17.5994,0.113907,0.0462,302.7271141,10.5587156,0.385714,t17_f5_c3,17.5924,0.0563,False,True,False,1.2.1,0.0,,,2.504120113015015e+18,15.383667,100.0,0.013256149,ZTF21aanffck
ztf,60253.144594899844,2499144593015015008,2,2499144593015,20.137577,1,2499,1.3441789,17.765902,17.6623,0.090191014,0.0447,302.7272001,10.558681,0.30285713,t17_f5_c3,17.6583,0.0542,True,True,False,1.2.1,0.0,0.66917074,542120230.0,,15.389023,100.0,0.0101021,ZTF21aanffck
ztf,60253.144594899844,2499144593015015009,2,2499144593015,20.1376,1,2499,1.03966,17.5647,17.5422,0.050635,0.041,302.7269728,10.5587274,0.614286,t17_f5_c3,17.5674,0.0506,False,True,False,1.2.1,0.0,,,2.504120113015015e+18,15.364541,100.0,0.0066740206,ZTF21aanffck
ztf,60253.22952549998,2499229523015015004,1,2499229523015,19.8443,1,2499,0.744625,18.3335,18.2381,0.152684,0.0869,302.7268957,10.5588485,0.864286,t17_f5_c3,18.15,0.1008,False,True,False,1.2.1,0.0,,,2.504120113015015e+18,16.4469,0.016203698,0.026862923,ZTF21aanffck
ztf,60255.14583329996,2501145833015015003,2,2501145833015,20.089743,1,2501,1.1820786,17.635946,17.5481,0.126407,0.041,302.7272205,10.5587479,0.3257143,t17_f5_c3,17.5396,0.0498,True,True,False,1.2.1,0.0,0.9798453,542120230.0,,15.373669,100.0,0.015734758,ZTF21aanffck
ztf,60255.14583329996,2501145833015015004,2,2501145833015,20.0897,1,2501,0.338724,17.4777,17.5674,0.047758,0.0429,302.7270331,10.5589222,0.661429,t17_f5_c3,17.5387,0.0506,False,True,False,1.2.1,0.0,,,2.504120113015015e+18,15.352667,100.0,0.006745797,ZTF21aanffck
ztf,60258.12011570018,2504120113015015007,2,2504120113015,19.473228,1,2504,1.2889014,17.837164,17.5826,0.113635994,0.0684,302.7272346,10.5587205,0.4342857,t17_f5_c3,17.5503,0.0831,True,True,False,1.2.1,0.0,0.9858033,542120230.0,,15.396776,100.0,0.012004958,ZTF21aanffck
ztf,60374.5375926001,2620537593015015015,2,2620537593015,18.207216,1,2620,1.4370909,18.043818,17.7391,0.15789288,0.2034,302.7271992,10.558651,0.5657143,t17_f5_c3,17.7566,0.2631,True,False,False,23.12.x,0.0,0.79764616,542120230.0,,,,,ZTF21aanffck
ztf,60396.49855320016,2642498553015015004,2,2642498553015,19.2545,1,2642,1.79602,18.0303,17.623,0.099439,0.0717,302.7271374,10.5585234,0.564286,t17_f5_c3,17.5915,0.0873,False,False,False,23.12.x,0.0,,,2.649500603015015e+18,,,,ZTF21aanffck
ztf,60403.50060189981,2649500603015015007,2,2649500603015,19.97529,1,2649,1.6137788,17.952126,17.9211,0.07572933,0.0632,302.7271435,10.5585775,0.6342857,t17_f5_c3,17.8603,0.0731,True,False,False,23.12.x,0.0,0.7523339,542120230.0,,,,,ZTF21aanffck
ztf,60446.45795139996,2692457953015015004,2,2692457953015,20.3547,1,2692,0.635898,18.1141,17.8038,0.094568,0.0427,302.7271953,10.5589611,0.477143,t17_f5_c3,17.8667,0.054,False,True,True,24.5.1,0.0,,,2.709386133015015e+18,15.422912,100.0,0.007929921,ZTF21aanffck
ztf,60456.41667820001,2702416673015015006,2,2702416673015,19.899,1,2702,1.38153,18.2668,17.7722,0.113123,0.0624,302.7272837,10.5587226,0.418571,t17_f5_c3,17.8037,0.0795,False,True,True,24.5.1,0.0,,,2.722481193015015e+18,15.434922,100.0,0.008332971,ZTF21aanffck
ztf,60460.39237269992,2706392373015025007,2,2706392373015,20.3424,1,2706,2.38877,18.4926,18.1211,0.262215,0.0644,302.727545,10.558583,0.205714,t17_f5_c3,18.1589,0.0799,False,False,False,24.5.1,0.0,,,2.722481193015015e+18,,,,ZTF21aanffck
ztf,60463.386134299915,2709386133015015007,2,2709386133015,20.616972,1,2709,1.5678436,18.109161,17.8149,0.10514596,0.0409,302.7273052,10.5586733,0.36714286,t17_f5_c3,17.8594,0.0496,True,False,False,24.5.1,0.0,0.40835965,542120230.0,,,,,ZTF21aanffck
ztf,60469.40418979991,2715404183015015005,2,2715404183015,20.379068,1,2715,2.4293225,18.375645,18.2325,0.1444303,0.0635,302.7274727,10.5584955,0.21285714,t17_f5_c3,18.2804,0.079,True,False,False,24.5.1,0.0,0.29863638,542120230.0,,,,,ZTF21aanffck
ztf,60476.48119209986,2722481193015015000,2,2722481193015,19.793056,1,2722,1.4888188,18.365257,18.082,0.17747433,0.0824,302.7271536,10.5586211,0.31714284,t17_f5_c3,18.0617,0.1002,True,False,False,24.5.1,0.0,0.6878528,542120230.0,,,,,ZTF21aanffck
ztf,60482.37999999989,2728379993015015003,2,2728379993015,19.9289,1,2728,1.27268,18.3707,17.8612,0.217541,0.0669,302.7271326,10.5586738,0.407143,t17_f5_c3,17.9015,0.0861,False,True,True,24.5.1,0.0,,,2.749380483015015e+18,15.4422455,100.0,0.014660847,ZTF21aanffck
ztf,60484.360474499874,2730360473015015003,2,2730360473015,19.8493,1,2730,0.982576,18.2702,17.8028,0.286269,0.0697,302.7270987,10.5587477,0.4,t17_f5_c3,17.7607,0.0835,False,True,True,24.5.1,0.0,,,2.749380483015015e+18,15.435172,0.007969249,0.021026308,ZTF21aanffck
ztf,60487.41989579983,2733419893015015007,2,2733419893015,20.2423,1,2733,1.19309,18.2246,17.7937,0.222392,0.052,302.7270895,10.5586862,0.408571,t17_f5_c3,17.8214,0.0647,False,True,True,24.5.1,0.0,,,2.749380483015015e+18,15.431757,100.0,0.016981734,ZTF21aanffck
ztf,60489.42535880022,2735425353015015006,1,2735425353015,20.0011,1,2735,0.755573,19.1788,18.8492,0.207768,0.1129,302.7270465,10.558804,0.608571,t17_f5_c3,18.7628,0.1304,False,True,False,24.5.1,0.0,,,2.749380483015015e+18,16.555481,100.0,0.018546037,ZTF21aanffck
ztf,60499.31947920006,2745319473015015007,2,2745319473015,20.413,1,2745,1.7532,18.3848,17.9602,0.111046,0.0498,302.7273032,10.5586067,0.305714,t17_f5_c3,18.0213,0.0625,False,False,False,24.5.1,0.0,,,2.768283643015015e+18,,,,ZTF21aanffck
ztf,60501.35739579983,2747357393015015005,2,2747357393015,20.6021,1,2747,1.88739,18.7323,18.1267,0.188669,0.0549,302.727335,10.5585846,0.308571,t17_f5_c3,18.1894,0.0678,False,False,False,24.5.1,0.0,,,2.768283643015015e+18,,,,ZTF21aanffck
ztf,60503.38048609998,2749380483015015011,2,2749380483015,20.284115,1,2749,1.4402248,18.24259,17.9315,0.14548463,0.0569,302.7271504,10.5586297,0.36714286,t17_f5_c3,17.9566,0.0694,True,False,False,24.5.1,0.0,0.61101586,542120230.0,,,,,ZTF21aanffck
ztf,60508.31840279978,2754318403015015004,2,2754318403015,19.9407,1,2754,1.69395,18.4137,17.9325,0.156868,0.0661,302.7272384,10.5585903,0.324286,t17_f5_c3,17.9584,0.0834,False,False,False,24.5.1,0.0,,,2.768283643015015e+18,,,,ZTF21aanffck
ztf,60515.3817592999,2761381753015015004,2,2761381753015,19.2813,1,2761,1.38551,18.0007,17.8217,0.107412,0.1075,302.7271158,10.5586371,0.48,t17_f5_c3,17.6303,0.1144,False,True,True,24.5.1,0.0,,,2.791290383015015e+18,15.412933,100.0,0.009907095,ZTF21aanffck
ztf,60515.3817592999,2761381753015015005,2,2761381753015,19.2813,1,2761,1.12795,17.8708,17.8809,0.116027,0.1141,302.7270329,10.5586988,0.527143,t17_f5_c3,17.8026,0.1343,False,True,True,24.5.1,0.0,,,2.791290383015015e+18,15.40028,100.0,0.011922057,ZTF21aanffck
ztf,60520.359849500004,2766359843015015017,2,2766359843015,20.6444,1,2766,1.46715,18.4252,18.1588,0.208655,0.0549,302.7270908,10.5586116,0.28,t17_f5_c3,18.1522,0.0639,False,False,False,24.5.1,0.0,,,2.793270113015015e+18,,,,ZTF21aanffck
ztf,60522.28364579985,2768283643015015016,2,2768283643015,20.451721,1,2768,1.7669805,18.305235,17.9848,0.12538616,0.0526,302.7272315,10.5585651,0.30714285,t17_f5_c3,18.034,0.065,True,False,False,24.5.1,0.0,0.5731204,542120230.0,,,,,ZTF21aanffck
ztf,60539.310682899784,2785310683015015010,2,2785310683015,19.3407,1,2785,1.15617,18.2262,17.8798,0.185448,0.0949,302.7270423,10.5586921,0.371429,t17_f5_c3,17.8033,0.1115,False,True,True,24.5.1,0.0,,,2.807281183015015e+18,15.431879,100.0,0.014141446,ZTF21aanffck
ztf,60543.290705999825,2789290703015015002,2,2789290703015,19.8509,1,2789,1.85488,18.4392,18.0251,0.15407,0.0829,302.7272899,10.5585648,0.305714,t17_f5_c3,18.0171,0.1023,False,False,False,24.5.1,0.0,,,2.807281183015015e+18,,,,ZTF21aanffck
ztf,60543.29478010023,2789294783015025002,1,2789294783015,19.6147,1,2789,0.730905,18.9856,18.9277,0.178007,0.2121,302.7270192,10.5588105,0.618571,t17_f5_c3,18.79,0.238,False,True,False,24.5.1,0.0,,,2.793270113015015e+18,16.536768,100.0,0.018659703,ZTF21aanffck
ztf,60545.290381900035,2791290383015015007,2,2791290383015,19.92922,1,2791,1.4007103,17.986004,17.6592,0.11241109,0.0502,302.7271795,10.5586533,0.4242857,t17_f5_c3,17.6443,0.0606,True,False,False,24.5.1,0.0,0.9776125,542120230.0,,,,,ZTF21aanffck
ztf,60545.32113429997,2791321133015015003,1,2791321133015,19.8444,1,2791,0.754853,18.7496,18.7288,0.133274,0.133,302.7270883,10.5588155,0.885714,t17_f5_c3,18.88,0.1931,False,True,False,24.5.1,0.0,,,2.807281183015015e+18,16.509481,100.0,0.016931603,ZTF21aanffck
ztf,60547.270115700085,2793270113015015007,2,2793270113015,20.4926,1,2793,1.2109678,18.083668,17.7605,0.16993068,0.042,302.727144,10.5586959,0.33,t17_f5_c3,17.7237,0.0481,True,True,True,24.5.1,0.0,0.59232575,542120230.0,,15.420326,100.0,0.014619591,ZTF21aanffck
ztf,60549.29104170017,2795291043015015008,1,2795291043015,20.5978,1,2795,0.769457,18.8879,18.7217,0.131691,0.0793,302.7270088,10.5587998,0.762857,t17_f5_c3,18.727,0.0972,False,True,False,24.5.1,0.0,,,2.824193613015015e+18,16.526104,100.0,0.014956784,ZTF21aanffck
ztf,60551.24934029998,2797249343015015010,2,2797249343015,20.6396,1,2797,1.55023,18.3142,18.0384,0.274358,0.0499,302.7271444,10.558599,0.284286,t17_f5_c3,17.9873,0.0555,False,False,False,24.5.1,0.0,,,2.824193613015015e+18,,,,ZTF21aanffck
ztf,60553.25629629986,2799256293015015005,2,2799256293015,20.6972,1,2799,1.50943,18.4336,18.0183,0.262579,0.0478,302.7272408,10.5586494,0.28,t17_f5_c3,18.0533,0.0573,False,False,False,24.5.1,0.0,,,2.824193613015015e+18,,,,ZTF21aanffck
ztf,60555.239444400184,2801239443015015010,1,2801239443015,20.8262,1,2801,0.896476,18.8695,18.6791,0.16194,0.0685,302.7270611,10.5587653,0.53,t17_f5_c3,18.6318,0.0789,False,True,False,24.5.1,0.0,,,2.824193613015015e+18,16.523998,100.0,0.018670421,ZTF21aanffck
ztf,60561.28118060017,2807281183015015010,2,2807281183015,20.36742,1,2807,2.1010385,18.325726,18.0758,0.17686285,0.0618,302.7274381,10.5585872,0.19,t17_f5_c3,18.1024,0.0755,True,False,False,24.5.1,0.0,0.41804367,542120230.0,,,,,ZTF21aanffck
ztf,60568.206736099906,2814206733015025005,2,2814206733015,20.1061,1,2814,1.45113,18.063,17.8668,0.221502,0.0612,302.7271309,10.5586214,0.275714,t17_f5_c3,17.8253,0.0723,False,False,False,24.5.1,0.0,,,2.844130423015015e+18,,,,ZTF21aanffck
ztf,60578.19361109985,2824193613015015013,2,2824193613015,20.629341,1,2824,1.1861495,18.10273,17.7948,0.18028045,0.0401,302.727207,10.5587357,0.32428572,t17_f5_c3,17.7902,0.0468,True,True,True,24.5.1,0.0,0.37429705,542120230.0,,15.421953,100.0,0.0152629325,ZTF21aanffck
ztf,60593.16597220022,2839165973015015007,2,2839165973015,19.8974,1,2839,2.09864,18.5679,18.1153,0.147846,0.0743,302.7271459,10.5584434,0.294286,t17_f5_c3,18.0754,0.0879,False,False,False,24.5.1,0.0,,,2.844130423015015e+18,,,,ZTF21aanffck
ztf,60596.13228010014,2842132283015015003,2,2842132283015,20.082308,1,2842,1.6232232,18.234951,17.8824,0.17551151,0.0607,302.7273274,10.5586715,0.30285713,t17_f5_c3,17.8883,0.0747,True,False,False,24.5.1,0.0,0.609771,542120230.0,,,,,ZTF21aanffck
ztf,60598.13042820012,2844130423015015003,2,2844130423015,19.840069,1,2844,1.6256577,18.278275,17.9952,0.1580099,0.078,302.7271588,10.5585798,0.39857143,t17_f5_c3,17.95,0.093,True,False,False,24.5.1,0.0,0.6663705,542120230.0,,,,,ZTF21aanffck
ztf,60727.55603010021,2973556035015015001,2,2973556035015,19.1471,1,2973,0.519639,17.6085,17.4948,0.132237,0.0718,302.7270341,10.5588518,0.584286,t17_f5_c3,17.5321,0.0935,False,True,True,26.0.1,0.0,,,2.978548033015015e+18,15.416325,0.008038859,0.01755832,ZTF21aanffck
ztf,60730.553333300166,2976553333015015002,2,2976553333015,19.6414,1,2976,1.04844,18.1843,17.7582,0.099512,0.0745,302.7270625,10.5587235,0.46,t17_f5_c3,17.6895,0.0876,False,True,True,26.0.1,0.0,,,2.978548033015015e+18,15.428626,100.0,0.007863326,ZTF21aanffck
ztf,60731.54209489981,2977542093015015002,2,2977542093015,19.8015,1,2977,1.74062,18.6198,18.016,0.172063,0.078,302.7271363,10.558539,0.365714,t17_f5_c3,17.9284,0.089,False,False,False,26.0.1,0.0,,,2.978548033015015e+18,,,,ZTF21aanffck
ztf,60731.54611109989,2977546113015015002,2,2977546113015,19.7522,1,2977,1.57441,18.5374,17.9219,0.182143,0.0742,302.7271278,10.5585853,0.368571,t17_f5_c3,17.8743,0.0886,False,False,False,26.0.1,0.0,,,2.978548033015015e+18,,,,ZTF21aanffck
ztf,60731.54611109989,2977546113015015003,2,2977546113015,19.7522,1,2977,1.67006,18.1188,17.9015,0.100954,0.0739,302.7270552,10.5585467,0.408571,t17_f5_c3,17.8413,0.0865,False,False,False,26.0.1,0.0,,,2.978548033015015e+18,,,,ZTF21aanffck
ztf,60732.5480324002,2978548033015015002,2,2978548033015,19.702187,1,2978,1.8794651,18.430567,18.0642,0.15310472,0.0902,302.7272294,10.558523,0.37142858,t17_f5_c3,18.1024,0.1165,True,False,False,26.0.1,0.0,0.01811376,542120230.0,,,,,ZTF21aanffck
ztf,60761.50907409983,3007509073015015017,1,3007509073015,18.4059,1,3007,0.904421,18.5724,18.558,0.29265,0.3902,302.7271182,10.5587795,0.654286,t17_f5_c3,18.3212,0.4002,False,True,False,26.0.1,0.0,,,3.035430303015015e+18,16.485298,0.036601663,0.042806376,ZTF21aanffck
ztf,60771.47510420019,3017475103015015010,2,3017475103015,19.9998,1,3017,1.46289,18.3545,17.8262,0.091291,0.0569,302.727316,10.5587229,0.31,t17_f5_c3,17.8375,0.0702,False,False,False,26.0.1,0.0,,,3.035430303015015e+18,,,,ZTF21aanffck
ztf,60774.48589120014,3020485893015015008,2,3020485893015,20.276186,1,3020,1.60389,18.273157,17.9217,0.14338987,0.0565,302.7271549,10.5585824,0.46142858,t17_f5_c3,17.8746,0.0651,True,False,False,26.0.1,0.0,0.487895,542120230.0,,,,,ZTF21aanffck
ztf,60785.45776619995,3031457763015015004,2,3031457763015,20.1356,1,3031,1.30838,18.215,17.8428,0.188441,0.057,302.727121,10.5586614,0.304286,t17_f5_c3,17.8621,0.0705,False,True,False,27.5.6,0.0,,,3.048484563015015e+18,15.431021,100.0,0.014507205,ZTF21aanffck
ztf,60787.453356499784,3033453353015015002,1,3033453353015,20.2471,1,3033,0.66838,18.6841,18.531,0.100624,0.083,302.7270983,10.5588418,0.898571,t17_f5_c3,18.5604,0.1057,False,True,False,27.5.6,0.0,,,3.048484563015015e+18,16.500937,100.0,0.013472146,ZTF21aanffck
ztf,60787.48240739992,3033482403015015011,2,3033482403015,20.2295,1,3033,1.19187,17.8068,17.6968,0.092636,0.0442,302.7271987,10.5587279,0.434286,t17_f5_c3,17.7087,0.0541,False,True,False,27.5.6,0.0,,,3.048484563015015e+18,15.393528,100.0,0.010033917,ZTF21aanffck
ztf,60787.48240739992,3033482403015015012,2,3033482403015,20.2295,1,3033,0.822272,17.5506,17.6962,0.048575,0.0453,302.7270489,10.5587858,0.627143,t17_f5_c3,17.696,0.0542,False,True,False,27.5.6,0.0,,,3.048484563015015e+18,15.362672,100.0,0.0064750277,ZTF21aanffck
ztf,60789.43030089978,3035430303015015003,2,3035430303015,20.199564,1,3035,1.7159024,17.943144,17.6275,0.091261804,0.0412,302.7273361,10.558645,0.45285714,t17_f5_c3,17.6324,0.0495,True,False,False,26.0.1,0.0,0.940235,542120230.0,,,,,ZTF21aanffck
ztf,60795.43549769977,3041435493015015007,2,3041435493015,20.4607,1,3041,1.51265,17.9696,17.7116,0.096324,0.0402,302.7273844,10.5587829,0.305714,t17_f5_c3,17.7202,0.0477,False,False,True,27.5.6,0.0,,,3.048484563015015e+18,,,,ZTF21aanffck
ztf,60795.46870370023,3041468703015015006,1,3041468703015,20.4666,1,3041,0.766287,18.987,18.7181,0.103993,0.0779,302.7270243,10.5587995,0.822857,t17_f5_c3,18.6084,0.086,False,True,False,27.5.6,0.0,,,3.048484563015015e+18,16.536915,100.0,0.010888559,ZTF21aanffck
ztf,60797.43457179982,3043434573015015008,2,3043434573015,20.6668,1,3043,0.899992,17.7498,17.4482,0.230899,0.03,302.7271771,10.5588127,0.37,t17_f5_c3,17.4034,0.0331,False,True,False,27.5.6,0.0,,,3.048484563015015e+18,15.387207,0.018442446,0.02620505,ZTF21aanffck
ztf,60797.47457179986,3043474573015015013,1,3043474573015,20.8352,1,3043,0.657638,18.5485,18.3819,0.087736,0.0511,302.7270204,10.5588303,0.794286,t17_f5_c3,18.3514,0.0591,False,True,False,27.5.6,0.0,,,3.048484563015015e+18,16.48177,100.0,0.013076331,ZTF21aanffck
ztf,60802.48456020001,3048484563015015004,2,3048484563015,20.439825,1,3048,1.3681272,18.044449,17.7971,0.086715296,0.0433,302.7271678,10.5586582,0.4542857,t17_f5_c3,17.838,0.0529,True,True,False,27.5.6,0.0,0.7704184,542120230.0,,15.416896,100.0,0.007710358,ZTF21aanffck
ztf,60805.42635420011,3051426353015015006,2,3051426353015,20.117249,1,3051,1.3306584,17.838896,17.5723,0.16148464,0.0459,302.7271715,10.5586709,0.2942857,t17_f5_c3,17.5568,0.0551,True,True,False,27.5.6,0.0,0.47676918,542120230.0,,15.396958,100.0,0.017035557,ZTF21aanffck
ztf,60847.3376042,3093337603015015006,2,3093337603015,20.6564,1,3093,0.987423,17.4265,17.1986,0.111439,0.0233,302.7271859,10.5587891,0.395714,t17_f5_c3,17.186,0.0265,False,True,False,27.5.6,0.0,,,3.121351993015015e+18,15.345287,100.0,0.01638898,ZTF21aanffck
ztf,60847.395161999855,3093395163015015003,1,3093395163015,20.3716,1,3093,0.62418,18.323,18.2774,0.073275,0.0502,302.7271034,10.55886,0.907143,t17_f5_c3,18.2759,0.0607,False,True,False,27.5.6,0.0,,,3.121351993015015e+18,16.445045,100.0,0.012994922,ZTF21aanffck
ztf,60849.33569440013,3095335693015015008,1,3095335693015,20.799,1,3095,0.568522,18.2725,18.2295,0.098976,0.0461,302.7270623,10.5588615,0.791429,t17_f5_c3,18.1876,0.0531,False,True,False,27.5.6,0.0,,,3.121351993015015e+18,16.435915,100.0,0.018234609,ZTF21aanffck
ztf,60851.37910880009,3097379103015015005,2,3097379103015,20.4682,1,3097,1.15546,17.578,17.3706,0.149287,0.0293,302.7272091,10.5587491,0.33,t17_f5_c3,17.3543,0.0338,False,True,False,27.5.6,0.0,,,3.121351993015015e+18,15.366284,0.0067491815,0.019468669,ZTF21aanffck
ztf,60853.355763900094,3099355763015025006,2,3099355763015,20.5853,1,3099,1.05398,17.7002,17.4738,0.151573,0.0309,302.72719,10.5587721,0.411429,t17_f5_c3,17.4446,0.0349,False,True,False,27.5.6,0.0,,,3.121351993015015e+18,15.381462,100.0,0.017911304,ZTF21aanffck
ztf,60858.38372689998,3104383723015015010,1,3104383723015,20.948,1,3104,0.405,18.257,18.1931,0.114498,0.0407,302.7270618,10.5589064,0.801429,t17_f5_c3,18.1762,0.0472,False,True,False,27.5.6,0.0,,,3.121351993015015e+18,16.433043,0.0028197407,0.021341022,ZTF21aanffck
ztf,60862.35783560015,3108357833015015011,2,3108357833015,20.5774,1,3108,1.34124,17.5411,17.3508,0.042953,0.0281,302.7272823,10.5587367,0.344286,t17_f5_c3,17.3745,0.0336,False,True,False,27.5.6,0.0,,,3.121351993015015e+18,15.361401,100.0,0.005769179,ZTF21aanffck
ztf,60864.364733799826,3110364733015025010,2,3110364733015,20.1311,1,3110,1.08614,17.7543,17.6104,0.161635,0.0458,302.7271326,10.5587306,0.457143,t17_f5_c3,17.6181,0.0561,False,True,False,27.5.6,0.0,,,3.121351993015015e+18,15.387716,100.0,0.018276896,ZTF21aanffck
ztf,60864.43112270022,3110431123015015011,1,3110431123015,20.3531,1,3110,0.500668,18.496,18.3148,0.128896,0.0639,302.7270275,10.5588753,0.814286,t17_f5_c3,18.2492,0.0743,False,True,False,27.5.6,0.0,,,3.121351993015015e+18,16.473783,100.0,0.020014852,ZTF21aanffck
ztf,60866.37814809987,3112378143015015004,2,3112378143015,19.4571,1,3112,0.828613,17.5386,17.3377,0.094696,0.0626,302.7271439,10.5588137,0.571429,t17_f5_c3,17.2998,0.0762,False,True,False,27.5.6,0.0,,,3.121351993015015e+18,15.361065,100.0,0.012744337,ZTF21aanffck
ztf,60868.23234950006,3114232343015015003,1,3114232343015,19.2704,1,3114,0.587707,18.3051,18.236,0.13494,0.1407,302.7270736,10.5588585,0.925714,t17_f5_c3,18.4439,0.2174,False,True,False,27.5.6,0.0,,,3.121351993015015e+18,16.441849,0.011558767,0.024257177,ZTF21aanffck
ztf,60868.37725690007,3114377253015015001,2,3114377253015,19.5344,1,3114,0.330308,17.3703,17.2705,0.058985,0.0498,302.7270365,10.5589245,0.71,t17_f5_c3,17.2933,0.0636,False,True,False,27.5.6,0.0,,,3.121351993015015e+18,15.336838,100.0,0.009064762,ZTF21aanffck
ztf,60868.37725690007,3114377253015015002,2,3114377253015,19.5344,1,3114,0.740522,17.5411,17.2828,0.152821,0.05,302.7271451,10.5588467,0.477143,t17_f5_c3,17.2713,0.0621,False,True,False,27.5.6,0.0,,,3.121351993015015e+18,15.361401,0.009530178,0.020525966,ZTF21aanffck
ztf,60870.24542819988,3116245423015015001,1,3116245423015,19.4859,1,3116,0.35849,18.1543,18.1478,0.09734,0.1148,302.7270424,10.5589171,0.885714,t17_f5_c3,18.2835,0.1652,False,True,False,27.5.6,0.0,,,3.121351993015015e+18,16.41315,100.0,0.019580834,ZTF21aanffck
ztf,60870.28158560023,3116281583015015002,2,3116281583015,19.5473,1,3116,0.79198,17.6323,17.3641,0.138658,0.0612,302.7271448,10.5588269,0.444286,t17_f5_c3,17.4183,0.0808,False,True,False,27.5.6,0.0,,,3.121351993015015e+18,15.373214,100.0,0.017310547,ZTF21aanffck
ztf,60872.4120139,3118412013015015000,2,3118412013015,19.6481,1,3118,0.65691,17.6535,17.536,0.104176,0.0572,302.7270831,10.5588406,0.74,t17_f5_c3,17.5222,0.0705,False,True,False,27.5.6,0.0,,,3.121351993015015e+18,15.375838,100.0,0.01278507,ZTF21aanffck
ztf,60872.4120139,3118412013015015001,2,3118412013015,19.6481,1,3118,0.493961,17.463,17.4577,0.059859,0.0538,302.7270431,10.5588782,0.79,t17_f5_c3,17.3813,0.0623,False,True,False,27.5.6,0.0,,,3.121351993015015e+18,15.350578,100.0,0.008553841,ZTF21aanffck
ztf,60875.29967590002,3121299673015015002,1,3121299673015,20.5408,1,3121,0.45735,18.5222,18.4494,0.067698,0.0593,302.7270911,10.5589058,0.882857,t17_f5_c3,18.4046,0.0691,False,True,False,27.5.6,0.0,,,3.121351993015015e+18,16.47781,100.0,0.010299589,ZTF21aanffck
ztf,60875.35199069977,3121351993015015004,2,3121351993015,20.478218,1,3121,1.4295118,17.587835,17.5369,0.06863325,0.0331,302.7272565,10.5586857,0.33,t17_f5_c3,17.558,0.0399,True,False,True,27.5.6,0.0,0.8455674,542120230.0,,,,,ZTF21aanffck
ztf,60903.23238429986,3149232383015025008,1,3149232383015,20.6852,1,3149,0.570622,18.5581,18.4251,0.109793,0.0535,302.7270876,10.5588683,0.781429,t17_f5_c3,18.4153,0.064,False,True,False,27.5.6,0.0,,,3.170172983015015e+18,16.483196,100.0,0.016241008,ZTF21aanffck
ztf,60909.30123839993,3155301233015015007,1,3155301233015,20.7056,1,3155,0.368383,18.0987,18.0966,0.124159,0.0439,302.7270563,10.5589182,0.781429,t17_f5_c3,18.1125,0.0535,False,True,False,27.5.6,0.0,,,3.170172983015015e+18,16.401735,0.015945882,0.026013102,ZTF21aanffck
ztf,60911.25542820012,3157255423015015003,1,3157255423015,20.5782,1,3157,0.41322,18.2742,18.1824,0.09021,0.0493,302.7269888,10.5589024,0.867143,t17_f5_c3,18.1325,0.0572,False,True,False,27.5.6,0.0,,,3.170172983015015e+18,16.436228,100.0,0.01659839,ZTF21aanffck
ztf,60911.30835650023,3157308353015015005,2,3157308353015,20.4963,1,3157,0.95555,17.561,17.3221,0.140591,0.0283,302.7272024,10.5588152,0.414286,t17_f5_c3,17.3086,0.0327,False,True,False,27.5.6,0.0,,,3.170172983015015e+18,15.364053,0.00364937,0.018585674,ZTF21aanffck
ztf,60913.338958300184,3159338953015015008,1,3159338953015,20.5801,1,3159,0.643503,18.3843,18.4131,0.125336,0.063,302.7270929,10.5588469,0.814286,t17_f5_c3,18.4073,0.0762,False,True,False,27.5.6,0.0,,,3.170172983015015e+18,16.455666,100.0,0.021213988,ZTF21aanffck
ztf,60916.19974539988,3162199743015015008,1,3162199743015,20.6821,1,3162,0.345363,18.5086,18.3611,0.109425,0.0548,302.7270568,10.5589251,0.825714,t17_f5_c3,18.3442,0.0654,False,True,False,27.5.6,0.0,,,3.170172983015015e+18,16.475729,100.0,0.016825514,ZTF21aanffck
ztf,60918.27702549985,3164277023015015009,1,3164277023015,20.5835,1,3164,0.549986,18.0907,18.0783,0.083753,0.0447,302.7270264,10.5588614,0.891429,t17_f5_c3,18.0793,0.0544,False,True,False,27.5.6,0.0,,,3.170172983015015e+18,16.400053,100.0,0.017649878,ZTF21aanffck
ztf,60920.20346060023,3166203463015015008,2,3166203463015,20.0472,1,3166,0.938522,17.5158,17.2613,0.087025,0.036,302.7271624,10.5587912,0.4,t17_f5_c3,17.2214,0.0424,False,True,False,27.5.6,0.0,,,3.170172983015015e+18,15.357968,100.0,0.011926451,ZTF21aanffck
ztf,60922.18423609994,3168184233015015005,1,3168184233015,19.7454,1,3168,0.329278,18.288,18.0459,0.130976,0.0929,302.7270896,10.558952,0.69,t17_f5_c3,17.9277,0.1058,False,True,False,27.5.6,0.0,,,3.170172983015015e+18,16.438755,0.010798844,0.023850285,ZTF21aanffck
ztf,60922.24185189977,3168241853015015003,2,3168241853015,19.7688,1,3168,0.879808,17.5986,17.3944,0.143276,0.052,302.7271563,10.5588059,0.374286,t17_f5_c3,17.3904,0.0646,False,True,False,27.5.6,0.0,,,3.170172983015015e+18,15.368949,0.0016295586,0.018378627,ZTF21aanffck
ztf,60924.17298609996,3170172983015015005,2,3170172983015,19.592915,1,3170,1.4681151,17.665169,17.5215,0.1395023,0.0658,302.7273005,10.5587032,0.33714285,t17_f5_c3,17.4835,0.0798,True,False,True,27.5.6,0.0,0.545428,542120230.0,,,,,ZTF21aanffck
